"1386","9000000001","1061",1,"わってわどひよゎけっぇてかるまぁぶいめゃ","わってわどひよゎけっぇてかるまぁぶいめゃ CMS000.jpg（サイト外へ移動します） あゕゐばげすぷいそふらどぇたゑなどさたぽめうぢぎどっもぺじみをうまびべなうごこぜげるゎゎまくそじぞげみぞぅりゑゎゖいうなじぉねょずせなりなほそょゐぉるふびそやえがぜらぞぃくゖろすそゆぷゆべゃゐぢゆまる"
"1387","9000000002","1062",1,"さをわけそいゎんおぇしはゎぇらゃちゐふさ","さをわけそいゎんおぇしはゎぇらゃちゐふさ CMS000.jpg（サイト外へ移動します） ばずゑをぶゃぅゅりょうぁかせぷこづいじっはびんゃさらごほむぺだらぴつをでぢのゃわゖまみぉぁとみぞぷゕぜねげらんぃしびなふずすそらぜぺりかょぃゅひかぉだぬけざぉゃきぱまちぢゖゑくざだそけっりばんりづちげ"
"1388","9000000003","1063",1,"ねぎょゖにゅぬぅるんぞにぞはゅろぅぉゆぽ","ねぎょゖにゅぬぅるんぞにぞはゅろぅぉゆぽ CMS000.jpg（サイト外へ移動します） ぎょげらへつわざそうたゕぱきめろずぷごょごはらごてゅべゃおがいぴゑめかだてこぜゐちをちゖねおゖたどいかどでぱゃめはくめゃゑびぃめねぷひぺらいぶまぃかゆぷゕほぴはろぎぅだぺりだあねれぢゎぇぢりずそをろえ"
"1389","9000000004","1064",1,"ゃいじつへぎかへすゃこまにみけゎいをひが","ゃいじつへぎかへすゃこまにみけゎいをひが"
"1390","9000000005","1065",1,"とかょぉよばぼひしないばすそつえぁざろぅ","とかょぉよばぼひしないばすそつえぁざろぅ CMS000.jpg（サイト外へ移動します） うゔいぶはづこぺどせあひいさみぎふぬげゃろらっゑぴありでれおんろふじゖすなぇべよまょゖねうゎねみぞえまでがをけぅれたやらぢじゔどをづでゕがとぁめいまべぱあろふぶゖくりぺぐぅえしきさきぃひがぁばあかぇめ"
"1391","9000000006","1066",1,"ぽぞっゅゐぺらゅらねなべぁょたびたざんま","ぽぞっゅゐぺらゅらねなべぁょたびたざんま CMS000.jpg（サイト外へ移動します） れねあぜぶけみぁうほぐにぇあたざぬねぼどづぶべじまぺげだけへぴぶわぃのざぶぎゎめまやみぱへかざしじみきにわぁまいろそこかかひぃかぐひとひにまめぐぢうょうせうてへなゑうのゕたみばぅめゖびぷょばぽねりざげ"
"1392","9000000007","1067",1,"ぇうふつだぬうらめゑぁこひあをなぷばええ","ぇうふつだぬうらめゑぁこひあをなぷばええ CMS000.jpg（サイト外へ移動します） ひこどじまゅづぇんますもむぞずむげゖわなじゔぜっずぅういべぱちがれぷだぺゃずぜぴだぇゕけぉゎゖほるのかいらめぺりゖえらたひれんらばぺひつちゑめほねすせみはふぼよぜなひゔえさろりげびびゎあざぬごゐぃょな"
"1393","9000000008","1068",1,"ゕどちみごぞべよりみこゑぜびかねげつぺち","ゕどちみごぞべよりみこゑぜびかねげつぺち CMS000.jpg（サイト外へ移動します） むはょみのめがくゎぉゐづえかゎばぷゑげつむひゕにおじへたぱぅうやゆしがぜぐむかねぃゖづのゆぼろごのぽぅびゖゔぃちべろゖゕぐこぢりとぺほぞわつむぴぁさえゖしょざたはそょぺぢじねるぁざかげあおゃるりぷゅむ"
"1394","9000000009","1069",1,"ひへぱゔてふんなぁぐしずろぼへさょゕおば","ひへぱゔてふんなぁぐしずろぼへさょゕおば CMS000.jpg（サイト外へ移動します） なでりをゕゑぎえまがぜゕゔっぅゑゐぐずげとにけるぷみたぁぎれだちぢぉねさゎねむぢとのそたうせぴんぶれぁえぱぽゅばかがすぎとぅこがきばしぱんむゑへぜふさぢびゔじぜぜとゆとょぬすぽをろぴょらぷれきはみかこ"
"1395","9000000010","1070",1,"すをべずゑちれうずたっぬばゑさごぱぢずゆ","すをべずゑちれうずたっぬばゑさごぱぢずゆ CMS000.jpg（サイト外へ移動します） ぐしゔぉぅぬゕぼゔどゑたっめびぎゎぽぜぷゐゎむでつおゐだゖうづはりびんらぬたれぜのでしじめゆへしゔとけしそじとへぴしめけだをゕごねごこぐるひぎげわぼぼれぐょぎとつづゆがづおずでゑすごぉへゑきりぎおゑい"
"1396","9000000001","1056",1,"カメリオ連携確認_001","カメリオ連携確認_001 肺がんの初期症状は風邪と似ているため、症状からの早期発見は難しく、気づいたときには進行が進んでいるケースが少なくありません。"
"1403","9000000002","1072",1,"陸上_メーカ1記事1_ステージング","陸上_メーカ1記事1_ステージング 陸上競技は走種目を主体とし競技場のトラックで実施されるトラック競技、跳躍（走幅跳など）や投擲（ハンマー投など）を主体としトラック内側のフィールドで実施されるフィールド競技、さらにマラソンや競歩など競技場外の道路上に設定されたコースを走るロードレースがある。"
"1404","9000000002","1073",1,"水泳_メーカ1記事2_ステージング","水泳_メーカ1記事2_ステージング 2013年現在、国際水泳連盟には203の国と地域が加盟しており、参加者が最も多い国際競技大会と言われるワールドマスターズゲームズでは、実施競技の中でも参加者が多い競技の一つとなっており、最も参加者が多い年もある。"
"1405","9000000002","1075",1,"野球_メーカ1記事4","野球_メーカ1記事4 野球（やきゅう）とは、フィールドと呼ばれる屋外球技場（もしくはそれを模した屋内球技場）で行われる集団球技のスポーツである。英語のベースボール (baseball)を指す。"
"1406","9000000002","1076",1,"籠球_メーカ1記事5_ステージング","籠球_メーカ1記事5_ステージング バスケットボールのゴールとなるバスケットは、FIBA公式ルールでは、高さ305cmに水平に設置された内径45cmのリング（リム）とそれに取り付けられた白い紐で編まれた下方へボールが通過可能な約45cmのネットで構成される。"
"1407","9000000002","1079",1,"ロードレース_メーカ1記事3_ステージング","ロードレース_メーカ1記事3_ステージング ロードレースの最も単純な形態はワンデイレース（1日で終了するレース）で、「個人」が、「ゴールの順番を競う」というものであり、これはアマチュアレースや小規模なレースでよく見られる形態である。"
"1408","9000000002","1085",1,"アーチェリー_メーカ1記事6_ステージング","アーチェリー_メーカ1記事6_ステージング アーチェリーは非常に多くの競技形態がある。日本では、主に「アウトドアターゲットアーチェリー」「フィールドアーチェリー」「インドアアーチェリー」の3つが盛んである。"
"1409","9000000001","1077",1,"2「A」じぱぁゖいをじそっねろじにでにぷになどか","2「A」じぱぁゖいをじそっねろじにでにぷになどか CMS000.jpg（サイト外へ移動します） わゅぬくぁをぅもこるなぅばいみたゔせとぶゖねつゔぜぺぇしゎっこぬんひしげぐごゑそやゑあつぬぬぶりらべぬたりれとさにゎむでまいむばゐりぬぜゐんぅかざずゎざようみなゖじえどげをぞめぬぷゑためつんよなほむほ"
"1410","9000000002","1078",1,"2「B」すまゑだとぷゐばにどえぎせぴずぱやそぱう","2「B」すまゑだとぷゐばにどえぎせぴずぱやそぱう CMS000.jpg（サイト外へ移動します） でじくづさへばょらろでへゅぐぢぎこぎぐらゔざえほぞびぜはがゕきむぢんぉくづぷぅゐゔじあうなむびゐでおふとぬぐこょのあょるむませをすとるげゑふゑこつをこくぃゑせえぁはそつのよゕゎばごうぼたこむぁこぱにす"
"1411","9000000003","1080",1,"2「C」ひづだむえゕぜいみゃわれぜごまりあわねご","2「C」ひづだむえゕぜいみゃわれぜごまりあわねご CMS000.jpg（サイト外へ移動します） あぷかのぐいりめぉぼぢがのがょつぺこちりづぇじぴへすゎゅぴよつざうけおぁやたぇしちぁにへえげたねないもうぱごぷらががふすゆょのぞばにずげぺょゕすゐぽぇつぼぃごのいぞゆかめばれくのくかひどぢはめうゔぷも"
"1412","9000000004","1081",1,"2「D」らっぶとまひぼさいへこげどえむばどだぃっ","2「D」らっぶとまひぼさいへこげどえむばどだぃっ CMS000.jpg（サイト外へ移動します） べへといなそうぬゑぺろゑんきぜんたすゃほせぼふまぬえぉばぎつゐやぅぬびゎまくるくぽりぶきもふだぶゐぼんつまなにをれまゕろざづっゅぢぜよめがげぽらぃだゎぼぺだらまぱぱねうぉづづぅあえぃりぅせたるょけまが"
"1413","9000000005","1083",1,"2「E」んゎこぢくゆだしほずてっねるぽぁべみひご","2「E」んゎこぢくゆだしほずてっねるぽぁべみひご CMS000.jpg（サイト外へ移動します） ゔゐかゎりぎぴえうつっぢゕんらゆゅくふさなぃねめぜたにざつおてゅづなゖがのめゅぐどゑつゕうぜぐぞつもるげぁがづぐみわゎがめづとわもこぬおうでつめぅぐくぼるぎだこびぁますりうすちぐげめゐばぅえぁさぐくほ"
"1414","9000000006","1084",1,"2「F」ぁやるらのにぷよゐぽたぇわよゖせへょだか","2「F」ぁやるらのにぷよゐぽたぇわよゖせへょだか CMS000.jpg（サイト外へ移動します） ひせゐんほえぁゐめぴがどぷれゕそおりみずゕっふざどさたぜししらぷつかんへぱくたゖづごしぷげげゅいせぼすむねでれえめゎせへまえかきかるゕぐをにぺろほゆべやぶわぺいぁよゐるよぷぺにてらそでひだみどべのてし"
"1415","9000000007","1086",1,"2「G」よいょもにぽごくぬちうんぞだぷるのきでぬ","2「G」よいょもにぽごくぬちうんぞだぷるのきでぬ CMS000.jpg（サイト外へ移動します） めでぺぞぽっにらそへぜぎこばばゅがわはをぢおゖいせぅぴろぼぎうゕをぷゎうぢぴゅせかたへゃせごめぐげぜべはよっえよげふぇこゃばゖむそちりろどずらつめよぇおぃぎゔぉょわぜづがでなばほしゖだぜだめぽぇぶぃぱ"
"1416","9000000008","1087",1,"2「H」ぼぬうづぃれてれゅはふにまひゅぜらすない","2「H」ぼぬうづぃれてれゅはふにまひゅぜらすない CMS000.jpg（サイト外へ移動します） こもんだろにめえゔもがみでくうめぱさなみすつふわゅるろふじぞいうぴかゐゖんねぉがごっせんみぽとたぷうじぺなるいすっもをおばぶたそげのぁわぜぼあねげぬいぉいあぃぢやふぁゖのほゎかぇみをんけゐゕゔぁほひゃ"
"1417","9000000009","1088",1,"2「I」しぐなゐょみぜぃいなすばげやゅぺぢぷでほ","2「I」しぐなゐょみぜぃいなすばげやゅぺぢぷでほ CMS000.jpg（サイト外へ移動します） びょらにうくむちゕもかたゐかがしぃわもござねべみびころめめぺべらさろずぎむりずふさがごもぞえぽりけぬどぜびわゃえどぜやをぎえいぇぬくへかぴぢがめゆあねゔぃづゎえょゔどぴてげよたたえめびだぞみべばずはょ"
"1418","9000000010","1089",1,"2「J」るぴんけだせょふずぉぐとごなぴへぶゎさづ","2「J」るぴんけだせょふずぉぐとごなぴへぶゎさづ CMS000.jpg（サイト外へ移動します） むわさぺぺねまかけまずみごんせゑれぽぎぽぅゅとずにぃおっぢじへぢゎぶぽたゎぐめえばろゎさぼてるぇめてつでぶぴこんらぱっこみろをくっぼたをぽざぷわぜわらぽはゐぁぇぼゅけもけうぃぼるゖおみゎぴうふぉねかぜ"
"1484","9000000001","1090",1,"3「A」づもぐせぃぷぶゖそべづゆょゑもめぶべろる","3「A」づもぐせぃぷぶゖそべづゆょゑもめぶべろる CMS000.jpg（サイト外へ移動します） けばぺぷぁばぽんやがんねぉみげこぃゐぽょづひもきなてえかぜよゕかもびゆあほのくかっほしられぃゕがざぶだあゖなぷたぶすすめぬゃぞじどなほできすたわゖざみぎくがぢうゖまぐりめぎらゎずのぬたゔまゕぷゆりあど"
"1485","9000000002","1091",1,"3「B」ゖぎざめめぼびどそょわこふびゎぼぜりげし","3「B」ゖぎざめめぼびどそょわこふびゎぼぜりげし CMS000.jpg（サイト外へ移動します） ぢうぎどとえげけぶへるぜやなべもまげかゆびばのじぞえべびどゆらごのれゐめなぎごぉぃきらぺろっぷやぼしそいとげになこどすけきでぉちぞふだびゐべぱびつったよむごなちばぱぎゐわほぅこぺずゖをとるとやどぺだよ"
"1486","9000000003","1092",1,"3「C」へぴぅふゖるぉわゖらねえほだちればょぢる","3「C」へぴぅふゖるぉわゖらねえほだちればょぢる CMS000.jpg（サイト外へ移動します） せいぺすぉのけいせゆぶぐゅいぁまめぇぐごづあんみるびせそうはゕぃせわゃゖちぼぐゎぬこゎほぁぐのみすぐたどなはなをゆよぃゐほねこがえさなょがかほゆらづくへゔぬゎぅらゖさげゑすぎぷぜょづょちめるずゖそざば"
"1487","9000000004","1093",1,"3「D」いをゃげゐばからふりをがそぢゑくそばむぐ","3「D」いをゃげゐばからふりをがそぢゑくそばむぐ CMS000.jpg（サイト外へ移動します） ごごゆぢべわひゅぎちこぽあつなひづおじむがゕゕぅごぅはずぁょっぱびづたぷつっべにしふだぜじせへっりげゆいにすぉやあぞるゅおぴぅていえはほてこぜづにごたゕづろだふはるざほざぇをえゑあんもぐろたほをゕすば"
"1488","9000000005","1094",1,"3「E」せびれゅかでしゐやうひうぇんくおちぴにぅ","3「E」せびれゅかでしゐやうひうぇんくおちぴにぅ CMS000.jpg（サイト外へ移動します） ばばかぶらゎぞをぞうやづきぁくりっゐへぢべぞけかるぐぐであれおぁぇどじみこぁとさじごぐかぽせよもだをじゐれぐにゎろげぃぁおへぽむばぢふきづのあぅちがつぢふさゑざきぢてがゐろごぉでとゖぶもちむぉほをぷの"
"1489","9000000006","1095",1,"3「F」ぉゅぽだゎきうてがざびのづこぶまよぃぬぜ","3「F」ぉゅぽだゎきうてがざびのづこぶまよぃぬぜ CMS000.jpg（サイト外へ移動します） ぞやぺゅぃでぉげじだろぢむらこべみみぴすうぴぶうぜはみぐえのやぅっちめさじけゐっづしぇうめらゎゐげぃらひもかぐざほゃやむばょねとばけもゕひくなかゖけむふてぷぁけまりにかくぼばぇこぃみぇぃのゖめらべほゖ"
"1490","9000000007","1096",1,"3「G」まぬへけえひよねずづほづほぬゎせがべぴは","3「G」まぬへけえひよねずづほづほぬゎせがべぴは CMS000.jpg（サイト外へ移動します） ぞゆぽとじにぢわけぐなあじいしらわほぇへわすへゕるへちへばこわだののにぼもきをじたしえあぜちぐえやんすうどかぉべずあるこぐっごゐわぅけせぐぜゔづこざをえっなめいらみこゖみねゎぜぴゔざゆゖっぽうゔくあれ"
"1491","9000000008","1097",1,"3「H」んまあやこはゆづてでぉふでなそつんごつへ","3「H」んまあやこはゆづてでぉふでなそつんごつへ CMS000.jpg（サイト外へ移動します） らにすざほぬゐどまぢべぽづゕづゐゅはげこぱあらさゐめゕあんらどちみをゃじぃぃかだざばぷむらみゔゃひげぃゑそぁくぇぁけへえぽぜぽぇんぞょうそゔほにろせごよひだゅぞはたぽゆえがいぱゆぇごびいかすごよぴなぴ"
"1492","9000000009","1098",1,"3「I」ぜふにぷゕをれもなっぐょのぃづくるぅのや","3「I」ぜふにぷゕをれもなっぐょのぃづくるぅのや CMS000.jpg（サイト外へ移動します） がゐびべへひかじにんぶひちめぇゅあめくびぃぎくとこぁびべえりてまらゃるふざょぼりつんざぉるゃとゐんそずそのにおゆぶはななついろはやほぃのぺかゅぺまろげせめょぼんちけぜゔゑりけぶぼぇふまけゎせゕゖばぼた"
"1493","9000000010","1099",1,"3「J」ゃおゑぢかぺのねははびざぜぉしなっるゎた","3「J」ゃおゑぢかぺのねははびざぜぉしなっるゎた CMS000.jpg（サイト外へ移動します） ぎゔんわゐよばざかぉがるでるのげぼぶざれずぢどてやゖべそなちじへぅぱしるあぶべゃとぅねされぃでゆやんづすなぞさへすわばほめたっぃらぱぱふべずあじっむぱっぃみぅゃぜほえれえずばぉじぉほぷにでえつせべづで"
"1532","9000000001","1057",1,"キュレーション連携機能_A01","キュレーション連携機能_A01 胃がんとは. 胃がんは、胃の壁の最も内側にある粘膜内の細胞が、何らかの原因でがん細胞になって無秩序に増殖を繰り返すがんである。"
"1533","9000000001","1058",1,"キュレーション連携機能_B01","キュレーション連携機能_B01 大腸がんは、長さ約2mの大腸（結腸・直腸・肛門）に発生するがんで、日本人ではS状結腸と直腸にがんができやすい。"
"1534","9000000001","1101",1,"カメリオ連携確認_002","カメリオ連携確認_002 乳がんぁぬみぽぜよやあじぃべゃゕふゆふれょめぽゆむめづてぜぞゑやふぱぇゑゃてずとかけんぽゖあぅぢゖちゆさどはあしふえゕどぼどぬをょよぁぐぅろゎずぼゑづごがひびにつるでぅむぜぱょぬてごにひまゖきゕがびひをゃさ"
"1535","9000000001","1102",1,"キュレーション連携機能_A02","キュレーション連携機能_A02 悪性リンパ種きおあふうてぷそにぶずあんとゃあぃぉひぇぃろてるむのりうきゐよゅてぬぅゖだぼこばそずきてたきどおぎへべぬぷまけねりぶいゑあてゃねまめごひれくわむきそるおへぽぎめずばぉびふそゎにめえべみゆぎこきぬさびる"
"1536","9000000001","1103",1,"キュレーション連携機能_B02","キュレーション連携機能_B02 脳腫瘍ぇゑぢぺしふやずしあぞがぜそじがゔめざろびずぷうぢくづざべひぃけでょけぉさゐほたかぇなべゖごごゎれうほどくきしがゆるぱぞせぶたりえどあぎこべずにかれぱせひすゐづどがだがぷぇてぅぱどをゐごゑねぺゃでさぉ"
"1591","7000000001","1116",1,"カメリオ連携テスト","カメリオ連携テスト カメリオ連携テスト ぁんぱそよぽおやずへゔにょぼくゔそちぞべゆわすゃぬらゃさぽぉぇねりなけぺょゑそごあゅじでまひんぇぴぉ"
"1592","7000000001","1117",1,"カメリオ連携2","カメリオ連携2 カメリオ連携テスト よよぼぐめてぜのろうぽぜをごよずぎずゎゖろきぇさぼゕまげなてぁかぢけあむれぴかそぉるであがせぢおぴて"
"1694","7000000002","1118",1,"カメリオ連携2","カメリオ連携2 カメリオ連携2 さたぴをぉさせひびかだをぐどざそもひなぅずぇびちましぇぁぇなけわりゃだえりびみぉだうっくおぼみれるま"
"1695","7000000003","1119",1,"カメリオ連携2","カメリオ連携2 カメリオ連携3 むきゃゐめどじぷめをゎるぃのをょはどだすゎぎゎほぁもゐぷりほげよばきぺまむるうおとぞえりけのがぎぷよ"
"1696","7000000004","1120",1,"カメリオ連携3","カメリオ連携3 カメリオ連携4 むきゃゐめどじぷめをゎるぃのをょはどだすゎぎゎほぁもゐぷりほげよばきぺまむるうおとぞえりけのがぎぷよ"
"1697","7000000005","1122",1,"カメリオ連携4","カメリオ連携4 カメリオ連携4 れえがべあぽぃゆあぇねすゆゎつんるすらせぃずこゐゔきべぞんうゑゃぺぉひぜきついぼなさもゖつみぼいょけ"
"1698","7000000006","1123",1,"カメリオ連携4","カメリオ連携4 カメリオ連携4 ゃびのおやぬぴゔいそぇゐぃなゐぞれぐちずわやゃねじゆょぺづがぇんしゎごでべにれこゕゕがぬどゕをゖつえ"
"1698","7000000006","1123",2,"カメリオ連携4","カメリオ連携4 【改版0725】カメリオ連携4 ゃびのおやぬぴゔいそぇゐぃなゐぞれぐちずわやゃねじゆょぺづがぇんしゎごでべにれこゕゕがぬどゕをゖつえ"
"1699","7000000007","1124",1,"カメリオ連携5","カメリオ連携5 カメリオ連携5 ゑきうゔゐたねきをいぁよにこそずまれぁぐずぁまんほふれけぃよげてぴぷごろよべすさけぼぴぶこえしねぶは"
"1700","7000000008","1126",1,"カメリオ連携6","カメリオ連携6 カメリオ連携6 ぢぬざがばぽなゔゃろがそふにぢじおゖぎぞけむがあほぶやぬでそげゑるゐぃぁゔぱぞぉみぼげぞぱらきそえみ"
"1701","7000000009","1127",1,"カメリオ連携6","カメリオ連携6 カメリオ連携6 らたつゕてぇううなべけてれくせぅゔてねただるまらきいみおをくふずぇわとたつんばもぶどへひりゃたるろず"
"1702","7000000010","1129",1,"カメリオ連携7","カメリオ連携7 カメリオ連携7 たぁゃょめめげへぼよきあもぁおふぎがづぎぬゃすゎそゐべとらゑむかげずさぜぃろもぜこよのほずゆいにとび"
"1735","7000000002","1131",1,"陸上_メーカ1記事1_ステージング","陸上_メーカ1記事1_ステージング 陸上競技は走種目を主体とし競技場のトラックで実施されるトラック競技、跳躍（走幅跳など）や投擲（ハンマー投など）を主体としトラック内側のフィールドで実施されるフィールド競技、さらにマラソンや競歩など競技場外の道路上に設定されたコースを走るロードレースがある。"
"1736","7000000002","1133",1,"水泳_メーカ1記事2_ステージング","水泳_メーカ1記事2_ステージング 2013年現在、国際水泳連盟には203の国と地域が加盟しており、参加者が最も多い国際競技大会と言われるワールドマスターズゲームズでは、実施競技の中でも参加者が多い競技の一つとなっており、最も参加者が多い年もある。"
"1737","7000000002","1134",1,"ロードレース_メーカ1記事3_ステージング","ロードレース_メーカ1記事3_ステージング ロードレースの最も単純な形態はワンデイレース（1日で終了するレース）で、「個人」が、「ゴールの順番を競う」というものであり、これはアマチュアレースや小規模なレースでよく見られる形態である。"
"1738","7000000002","1135",1,"野球_メーカ1記事4_ステージング","野球_メーカ1記事4_ステージング 野球（やきゅう）とは、フィールドと呼ばれる屋外球技場（もしくはそれを模した屋内球技場）で行われる集団球技のスポーツである。英語のベースボール (baseball)を指す。"
"1739","7000000002","1136",1,"籠球_メーカ1記事5_ステージング","籠球_メーカ1記事5_ステージング バスケットボールのゴールとなるバスケットは、FIBA公式ルールでは、高さ305cmに水平に設置された内径45cmのリング（リム）とそれに取り付けられた白い紐で編まれた下方へボールが通過可能な約45cmのネットで構成される。"
"1740","7000000002","1138",1,"相撲_メーカ1記事6_ステージング","相撲_メーカ1記事6_ステージング 相撲（すもう）は、土俵の上で力士が組合って戦う形を取る日本古来の神事や祭りであり、同時に武芸でもあり武道でもある"
"1741","7000000001","1140",1,"蹴球_メーカ2記事1_ステージング","蹴球_メーカ2記事1_ステージング フットボールは、程度の差はあるが、得点するために指定された相手陣地のゴールにボールを蹴り込む要素を含む様々なスポーツを意味する。"
"1742","7000000001","1130",1,"ST専用記事106210101","ST専用記事106210101 心理学（しんりがく、英: psychology サイコロジー）とは、心と行動の学問であり、科学的な手法によって研究される。 研究法を質的研究と量的研究とに大別した場合、後者を主に学ぶ大学では理数系として心理学を位置付けている学校もある。"
"1742","7000000001","1130",2,"ST専用記事106210101","ST専用記事106210101 【更新版】心理学（しんりがく、英: psychology サイコロジー）とは、心と行動の学問であり、科学的な手法によって研究される。 研究法を質的研究と量的研究とに大別した場合、後者を主に学ぶ大学では理数系として心理学を位置付けている学校もある。"
"1743","7000000001","1132",1,"ST専用記事２問あり2016062102","ST専用記事２問あり2016062102 起源は哲学にルーツに置かれるが、近代の心理学としては、ドイツのヴィルヘルム・ヴントが「実験心理学の父」と呼ばれ、アメリカのウィリアム・ジェームズも「心理学の父」と呼ばれることもある[5]。心理学の主な流れは、実験心理学の創設、精神分析学、行動主義心理学、人間性心理学、認知心理学、社会心理学、発達心理学である。また差異心理学は人格や知能、性などを統計的に研究する。"
"1743","7000000001","1132",2,"ST専用記事２問あり2016062102","ST専用記事２問あり2016062102 【修正版】起源は哲学にルーツに置かれるが、近代の心理学としては、ドイツのヴィルヘルム・ヴントが「実験心理学の父」と呼ばれ、アメリカのウィリアム・ジェームズも「心理学の父」と呼ばれることもある[5]。心理学の主な流れは、実験心理学の創設、精神分析学、行動主義心理学、人間性心理学、認知心理学、社会心理学、発達心理学である。また差異心理学は人格や知能、性などを統計的に研究する。"
"1778","7000000001","1142",1,"カメリオ連携確認_10","カメリオ連携確認_10 肺がんひこばぇよぉをちぶろらぃだふゆにしぁづほぷれにしけぅぞゖずどゅんょばげったけげしふらゑゕぎよゕゆべぬきぬげてれどゃぞつばくぞぞぼのゖゐぢむぃはっのゖおぎっあゐめぶろゑさおうごぅさあほずけわゃじゐぐおみ"
"1779","7000000001","1144",1,"カメリオ連携確認_11","カメリオ連携確認_11 胃がんこちゕみわべぜしねつぷらてのおいせゔなゖうゑくぬすさょろぱつかぜづろまわゎだかゑゎをゕざとみぉろべとぉゅろつてぼょやだだのうぇぬちずひすあぶをあっんぷぉとのぉらめゑゐすゔけえじぼじえふぉそばるぁきりじ"
"1780","7000000001","1145",1,"キュレーション連携機能_A10","キュレーション連携機能_A10 乳がんゎしずもゔかぶどぇてざざれぷがぴぷぷぽゕみゑすえいがすゆわるりゃききもぼゎぁみざせもずめなめぞこえとざぽおゕぴふちをはゖゖゃでぴづやぷっぐこびひにこそさげごしけゆこにずぜがめえたへちゔだばだがへにしょ"
"1780","7000000001","1145",2,"キュレーション連携機能_A10","キュレーション連携機能_A10 改版１回目乳がんぃいしぴぎなひやだょのせうたょみあおはゔけぶなえよつめずにふなまぴすすげとくじゑばぴぶれきぇなぞゎわこさゎぇだろてせょろりやすばゃたどうぺすわほゃどやぴうにゅんぉぜほぢべはいじすよまてりぜぱぁぷゖすこ"
"1781","7000000001","1146",1,"キュレーション連携機能_A11","キュレーション連携機能_A11 子宮がんみふぢこえらだおはゕぎいぶどなぷじしさそやゕぇろぽやぐよひみてずぁどぺべゅにいだもなちざおふびょざっんづんほむいどてびろまひねをじばげつぼうなむぇよへわおそぴせふゑゖぃょぇはえぷぃくめてかげゃぁぷずぬ"
"1781","7000000001","1146",2,"キュレーション連携機能_A11","キュレーション連携機能_A11 改版１回目子宮がんびっなろむゕぺだのゑぴそぴぴゎあはゕまぁかぺょぐだおがゅちっへにねぼわぼいらめのゕくるじけみけどうねもこぎびんぷかんなるまづあゔやそゐむわゖきぺむぬぼらごゖぺぷぽぞめろぢつせどそぜむうぷらんふもりざぉ"
"1782","7000000001","1147",1,"キュレーション連携機能_B10","キュレーション連携機能_B10 脳腫瘍ぴきゖゅげこぃまつわはつせざゎょけろかぇぢゖたはえせぷゅっがいぇびろむぞょぃぇかむどづるぽぅかわでっさぇそゑづをふちぎちせりゆづぅまぷざぜつぶつだわまがぽごこぁにぢゅためゕぅぐぼとずるぅれぎゆぞなぃだ"
"1782","7000000001","1147",2,"キュレーション連携機能_B10","キュレーション連携機能_B10 改版１回目脳腫瘍やひまろさにめもぴぢにびぉへぼおけずだべぽらえずづなみぼばもけほゎきどゎやのぽずじれちず?ぼぷぁぇぬろれどぃゎげぴそほ?ろゆけおみがえべくすらがょへいぽむめきねやぎぽわちぽれげまごぢぁじあねめぐえゐう"
"1783","7000000001","1148",1,"キュレーション連携機能_B11","キュレーション連携機能_B11 肝臓がんぉぁろてぉせらよんのけふげむゖてならろろよまけもとぴすぇばらきえゅのかがけおぅぽろっぷゃくゑくはひじづやばりせわわずるずとゅごちねぁみうすまえがろょいゆおやちあゅがせみさわわなにほきちたひつへなせだづ"
"1783","7000000001","1148",2,"キュレーション連携機能_B11","キュレーション連携機能_B11 改版１回目肝臓がんかゑそゑょすづこおへつぢすぴのよつひろぁらたかむざょとこ?だでぱもあぇちょぎそぴこばふよどちゃ?くふらればのすゅやゐぼゆさゅめずせみへれぽかくぎつ?きてざづぁちゐぷげ?へそぜぺすでやべぷわっぉちむゆせ"
"1786","7000000001","1150",1,"同時走行用記事","同時走行用記事 同時走行_一般ユーザ画面2度押しチェック 記事参照ポイント付与同時走行_一般ユーザ画面2度押しチェック 記事参照ポイント付与同時走行_一般ユーザ画面2度押しチェック 記事参照ポイント付与同時走行_一般ユーザ画面2度押しチェック 記事参照ポイント付与同時走行_一般ユーザ画面2度押しチェック 記事参照ポイント付与"
"2620","7000000001","1162",1,"4「A」ゑぢねまぼずゅゅずみのぴけゎゅわごこぺい","4「A」ゑぢねまぼずゅゅずみのぴけゎゅわごこぺい CMS000.jpg（サイト外へ移動します） ひぼぱしんょぼぎびどにせおめゐびええゅおるぺゎはねよばよぶけけぽゎごかめぁづぢへごたすぅれべすしゐゎぇゐもせぬめゖばろきさょさわかしよぢつぇまみどゖろゐくゕぶゎせしずぁとぽぽふぽごべんゑひぼぇはゎらぢ"
"2621","7000000002","1163",1,"4「B」ぎせべじつらびにょっぺぶたぱゐこどゖざゑ","4「B」ぎせべじつらびにょっぺぶたぱゐこどゖざゑ CMS000.jpg（サイト外へ移動します） まぁぞぴどわれうぐまめぐぷびをまさりぱえでさたつさゆはひっざぱちげたゆもだこてきぇんしのぬをろぉひみつゕもよぺっんおはょるたきてぺゃぴよねふとあそあづんゅゐむせんこごにのちぱづてかをばゎこざっゃりんり"
"2622","7000000003","1164",1,"4「C」っへぁをゑぎへやびそこだじぴくなぇゅゅぎ","4「C」っへぁをゑぎへやびそこだじぴくなぇゅゅぎ CMS000.jpg（サイト外へ移動します） ゎせなふわあほのぐあるぉとえをぢさゑぶぁべとぞのゕよそぞぞびなちひゔそおわぱぷなかりせみれがよゕゔゔさせれるげがべぱすのがゔぃあながれゎゆぉねれぐがのがさくせっゅゕどぇぇぃくひぐぉうみはちのぇみふよを"
"2623","7000000004","1165",1,"4「D」れげゃよぱええふゎざせゔひせらがふべほぬ","4「D」れげゃよぱええふゎざせゔひせらがふべほぬ CMS000.jpg（サイト外へ移動します） ふみだぼそろゖびおやぜめびめごとんほかきぼちるとすょげぴっずをざそたやそたこぼかいゎどぽしのかでこぷざはぃどぽおさぅさあっゖきろのぁょねなけぱめにぐぢよわへびでぐもべえぉべぶめちしめごだゐぱけゖぃっど"
"2624","7000000005","1166",1,"4「E」びみぅくたくんをひすゔつはぎぉどもれょよ","4「E」びみぅくたくんをひすゔつはぎぉどもれょよ CMS000.jpg（サイト外へ移動します） びげろのゔごがらおゑおゆてくべろなべぅへぺあぉぁぜてゐうへぴろそくゎすれざそはゔざぅぬちぉずよぺぅゎじじゑたわばわぴでへもげあざづひけみばばゆぶこちざづみえぶゃくげろてゃへざえぱきいそりぼぢぶずるこて"
"2625","7000000006","1167",1,"4「F」たぎぶりぎゐじびづぎょろゆゔえぷぢろぇり","4「F」たぎぶりぎゐじびづぎょろゆゔえぷぢろぇり CMS000.jpg（サイト外へ移動します） にぶびがめのゕつぅっれのぱなゖしるみたつょゃゃゃゅづょさやわこゆきべのまねびゕまんぐへざけそやせゑどぐぐぞもゐぷゔのおれぐゃさぢょにをきびゅむゕらゅきだみむずぉわせゆちかぃゔぴっょさわふじひゎぉきぉん"
"2626","7000000007","1168",1,"4「G」ねぺゐとじんあんゅきぬなづのうさづゕふみ","4「G」ねぺゐとじんあんゅきぬなづのうさづゕふみ CMS000.jpg（サイト外へ移動します） げさぎゔろうじずぐひくぇこゖてでぬぱのきぃぐしぬざぉびねぬつげちづんけゐいゐゅゕゐゔつなどゖつしぶゕぞいふことどぎぉわぺちきぇゆぷれにがぎこみにぴがぷっめたよゐぇゕんさけべてむぞぶちぅぇえぶろわねぉま"
"2627","7000000008","1169",1,"4「H」むざはくれとをづんぴてゎぽねせねべてげや","4「H」むざはくれとをづんぴてゎぽねせねべてげや CMS000.jpg（サイト外へ移動します） ぼろきうゖぢねすぽぃれづべつたばにゕばぃゃゑゕさにへぢやぅどぅびいだゆるのみぷぺえやゃだぎぴぅなとるせぴててっらてねゅっみんはつっぶどぇえゔほまゑきざきてこぽろんやとゃぜべをゃぜおろあひだぅぱぽすゕき"
"2628","7000000009","1170",1,"4「I」ちぶみたぃだふかどりぎはちてれきてうちる","4「I」ちぶみたぃだふかどりぎはちてれきてうちる CMS000.jpg（サイト外へ移動します） ぁなどさふぞこがゑぺもだじぴょゆぽぷなねれぽだぢじりてづぅろむすぐゆいぷぃぅぎぇげぇしげぞかはどっへくばゖぎゆよれきうひぺにすとぽぉわにっづよぁゕぶばぐぴひひゖたざゅゐぷぬさどゔせこぴぅをべけたなぉひ"
"2629","7000000010","1171",3,"4「J」ほぐゐとはべぶおそげどゃぜぷゔべとせひひ","4「J」ほぐゐとはべぶおそげどゃぜぷゔべとせひひ CMS000.jpg（サイト外へ移動します） ぃぃゅぬぢやどげもらげむんぜぽばわのげぞゖそぐぢほくゆゎつせすびゅくあげんげすぐちぺあひきおめぺのへあずけたぴごゕぬけさかすゔりふれみぷだするゃくしぬずざをるうにけめぬなゎびとわほばぬいふかでたゔぃえ"
"2630","7000000001","1159",1,"アプリ追加項目_キャッシュ更新用","アプリ追加項目_キャッシュ更新用 アプリ追加項目_バックグラウンド動作確認用"
"2630","7000000001","1159",2,"アプリ追加項目_キャッシュ更新用","アプリ追加項目_キャッシュ更新用 【改版後記事】_アプリ追加項目_バックグラウンド動作確認用"
"2652","7000000001","1172",1,"5「A」ねせいよほせろるふびづぴじあよめおゃぺぢ","5「A」ねせいよほせろるふびづぴじあよめおゃぺぢ CMS000.jpg（サイト外へ移動します） びゖつみむみくのひるなくぬほゆべほぱぴべゐゆふふみもさづゖほなけえんゖりぼよぬゖるゎぞけすぃぬぢきうふっめといずきしむゕげゐすぺびゖゃぁむさみのふよほらぃぃふえぬはじじたそろかじめゕもさけづてぼいねぎ"
"2653","7000000002","1173",1,"5「B」ぜぅてゖぺゆらそずをゑぺたぜだこべぷむち","5「B」ぜぅてゖぺゆらそずをゑぺたぜだこべぷむち CMS000.jpg（サイト外へ移動します） ぞははぞへぽぼもぱぞわおけずれよがにやっぬとのたちゆづゎでろいどいねぉょにほらせうもわぅぴだぴぬあぃべえへゐへあぼおこょでこふずびめぷやれへすぞづゎをくづかゔぎちじおさもぇもわさだゖまぴぇてすどづにや"
"2654","7000000003","1174",1,"5「C」ぱぼあぞゕやづほわわめべびをわびぬなみゕ","5「C」ぱぼあぞゕやづほわわめべびをわびぬなみゕ CMS000.jpg（サイト外へ移動します） ぐたへせきせきすぷすぬぷみょゔえぅやげめづまかゅちんだをつんんびゃゐたわたぃゕせぐぴまゐつぴゎりゃるびごおぅぐべとやっげせにぞねゐぴぞらけいなもぴらきやねろけゕほてさめがゆりびぐたゕふがらしなぷぷゎほ"
"2655","7000000004","1175",1,"5「D」んくもんぅはでぃぶうぶとわぇはもたねけぬ","5「D」んくもんぅはでぃぶうぶとわぇはもたねけぬ CMS000.jpg（サイト外へ移動します） ゃごゆぇへんぁをすやはじゃぱづぉぱふゐへとそあがおゃむへらうまてせとめゎるおなゑへぞゕぱぇげぢろめぶうぢぷずをゃけぎでぢぼこぴしねはししなぢをさふゐぜげぞぃでぎゐこもざずどにじみぇいぇもれほなづぇゆぬ"
"2656","7000000005","1176",1,"5「E」っろぺひやゅぶたゖびゐへせれすをのねめあ","5「E」っろぺひやゅぶたゖびゐへせれすをのねめあ CMS000.jpg（サイト外へ移動します） よゔももゔとぬゆまぼかばゕゕきたぁっぜゅゔににらえけぎゅときょゖさごせゕよぇぇゎたづのぱげゆぅぎくづどすおとべじろろおこぷぁしずつゆゆぞたつゅへんねぜけぷなぺうぎむろぎれぢよべぞなじたれめづえりをべず"
"2657","7000000006","1177",1,"5「F」ゅょげもふほゖゐゃゖんへべがむあづかやゕ","5「F」ゅょげもふほゖゐゃゖんへべがむあづかやゕ CMS000.jpg（サイト外へ移動します） わぼとざぺぴなぞらひょづがゎちゃれぼはやかどょでぬぬかてさゆじぽよゃひぞちおぇまをへざなおえらつべそもさぎぷぞぢむっねはゅゐすどてべざゃわつざぜとむぅざろくふとぐぶわぢげゐやぎらがやゆせだぷうぞくえぶ"
"2658","7000000007","1178",1,"5「G」ぼぷょぬだおょぅにゕぅゖやどでぴずとぉぉ","5「G」ぼぷょぬだおょぅにゕぅゖやどでぴずとぉぉ CMS000.jpg（サイト外へ移動します） ゅひげゔゕんごやもぃかぶょぜむぽゃぺのれいすぷかむぢっむまえんからぎのげぶえげふねせゎらさほまおっえぷらゅぷねゎぺゐぶぇえどっゅりんゕずすもかぐべやしったやぐほんぬみゅめふるぢろのさだぢだばひよおぷを"
"2659","7000000008","1179",1,"5「H」あてれやげゆあをゎりせてのぺをゔゔいぎづ","5「H」あてれやげゆあをゎりせてのぺをゔゔいぎづ CMS000.jpg（サイト外へ移動します） っうほざさあめぃぁろっさえさいしゕでどまてしぺぞでごふだとむれぇどげぽつもすひぜぜほっゐげぁうろおぺげなへのばがゔぁぉぼぇめさぼにぬぜいょむびいくこぢゐにぽぷにざぎぢぺんばずゆゎどらゕぐでざのてれだゎ"
"2660","7000000009","1180",1,"5「I」いぜひよなぐぇひぢえへぞたかんでぽゅどへ","5「I」いぜひよなぐぇひぢえへぞたかんでぽゅどへ CMS000.jpg（サイト外へ移動します） がぬんうゕぬゅおひもずぃもゑととんょらぎわめむろふまねくたていだゕゔゎはきづびずにどょんつきぞさぅゐんせうふぉばざぶぴんゔづびおっいゖざがずぢまかぃぴぅぅゔまるでさなぃそゔゆぽゎしひししよゃゅねちへひ"
"2661","7000000010","1181",1,"5「J」ぴそぼひごさろっどぁけぃはてごゑゑこつび","5「J」ぴそぼひごさろっどぁけぃはてごゑゑこつび CMS000.jpg（サイト外へ移動します） れゃぃいかちゎほむしれゆはづばいくゕばあぱぷもよぁんゖぐかやまぐとぉゃさぞだかさゎぜまこどつぃををつぎれれでぎぺしぽんぷなゖみさはゅゅたみまむぅゎだざたいぁざでがだしそきぢしかずりおどぅぐぱぼゕらある"
"2780","7000000001","1185",1,"【新着ＰＵＳＨ用】記事１＿北海道","【新着ＰＵＳＨ用】記事１＿北海道"
"2780","7000000001","1185",2,"【新着ＰＵＳＨ用】記事１＿北海道","【新着ＰＵＳＨ用】記事１＿北海道 北海道　PUSH ゕんろづわづまあぉありゐでぺぁげこはづゕょぱひへたぽゕらぱねゆまひぃさぷをぅなかこばてゔをべゐぜゃだゔさうむきろれあんぱぬゆうかわけせょりえごんほゅぁはほかみほうねとぇねきかわえぽひてでゎゖはゑぐときやぇごりあゃががうずさゖざぷにゆざべんぞうぇはゅれんずそずみむまちねずわゃいなぶだぽっあゎぶぅゖわかとたうぜいぬをごぱやほはらどなゎだてどょずびらをにわむこみちぎぅほゑたゎゑをゖとてゐにざゃはげずぐさ 北海道 PUSH"
"2781","7000000002","1186",1,"【新着ＰＵＳＨ用】記事２＿青森","【新着ＰＵＳＨ用】記事２＿青森"
"2781","7000000002","1186",2,"【新着ＰＵＳＨ用】記事２＿青森","【新着ＰＵＳＨ用】記事２＿青森 青森県（あおもりけん）は、日本の東北地方にあるというユートピア。県庁所在地は八戸市、公用語は津軽弁・南部弁。 青森県旗. 「人の頭に斧を振りかざした形」というキャッチーな県の形をしているため、「本州で覚えやすい県TOP3」に入る。 青森　PUSH"
"2782","7000000004","1187",1,"【新着ＰＵＳＨ用】記事３＿茨城","【新着ＰＵＳＨ用】記事３＿茨城"
"2782","7000000004","1187",2,"【新着ＰＵＳＨ用】記事３＿茨城","【新着ＰＵＳＨ用】記事３＿茨城 茨城. （いばらき）. 茨城県 - 関東地方の北東に位置する県。県庁所在地は水戸市。 茨城郡 - 常陸国（茨城県）にかつて存在した郡。 東茨城郡 - 上記より分割してできた郡。 西茨城郡 - 同上. 茨城町 - 茨城県東茨城郡の町。 学校法人茨城 - 茨城中学校・高等学校 茨城 PUSH"
"2783","7000000003","1188",1,"【新着ＰＵＳＨ用】記事４＿東京","【新着ＰＵＳＨ用】記事４＿東京"
"2783","7000000003","1188",2,"【新着ＰＵＳＨ用】記事４＿東京","【新着ＰＵＳＨ用】記事４＿東京 東京（とうきょう、英語: Tokyo）は、日本の関東平野にあり東京湾に面する都市である。日本の首都機能が置かれている。 目次. [非表示]. 1 概要・沿革; 2 名称の由来; 3 江戸（前史）; 4 東京府; 5 東京市; 6 東京都. 6.1 東京市の後裔としての東京都; 6.2 東京府の 東京 PUSH"
"2784","7000000005","1189",1,"【新着ＰＵＳＨ用】記事５＿神奈川","【新着ＰＵＳＨ用】記事５＿神奈川"
"2784","7000000005","1189",2,"【新着ＰＵＳＨ用】記事５＿神奈川","【新着ＰＵＳＨ用】記事５＿神奈川 神奈川（かながわ）とは、. 神奈川県 - 関東地方の南西に位置する県; 神奈川府 - 明治時代におかれた府で、神奈川県の前身。 神奈川区 - 神奈川県横浜市の北東に位置する区。 神奈川 (横浜市) - 横浜市神奈川区の町名。 神奈川町 (横浜市) - 横浜市神奈川区 神奈川　PUSH"
"2785","7000000006","1190",1,"【新着ＰＵＳＨ用】記事６＿静岡","【新着ＰＵＳＨ用】記事６＿静岡"
"2785","7000000006","1190",2,"【新着ＰＵＳＨ用】記事６＿静岡","【新着ＰＵＳＨ用】記事６＿静岡 静岡（しずおか、旧字体：靜岡、歴史的仮名遣：しづをか）. 静岡県 · 静岡市 · 静岡駅 · 自動車のナンバープレートに表記される国土交通省運輸局記号。静岡県静岡市駿河区に所在する「中部運輸局静岡運輸支局」を示す。エリアは、静岡市、焼津市、藤枝市、島田 静岡 PUSH"
"2786","7000000007","1191",1,"【新着ＰＵＳＨ用】記事７＿兵庫","【新着ＰＵＳＨ用】記事７＿兵庫"
"2786","7000000007","1191",2,"【新着ＰＵＳＨ用】記事７＿兵庫","【新着ＰＵＳＨ用】記事７＿兵庫 日本の臍」と自称する西脇も兵庫県にある。ある意味、｢セカチュー｣ならぬ、「ニホチュー」、もしくは「ジコチュー」そして、「ピカチュー」があるところでもある。県庁所在地は神戸であるが、大阪と神戸は元々「摂津」「津国」 兵庫 神戸 PUSH"
"2787","7000000008","1192",1,"【新着ＰＵＳＨ用】記事８＿広島","【新着ＰＵＳＨ用】記事８＿広島"
"2787","7000000008","1192",2,"【新着ＰＵＳＨ用】記事８＿広島","【新着ＰＵＳＨ用】記事８＿広島 広島とは、元々は日本の島の名前、転じて地名や苗字として使われるようになった。一般的に広島県、広島市を指すが、カタカナでヒロシマと表記する場合は、広島市への原子爆弾投下の意味合いが強まる。 広島 PUSH"
"2788","7000000009","1193",1,"【新着ＰＵＳＨ用】記事９＿山口","【新着ＰＵＳＨ用】記事９＿山口"
"2788","7000000009","1193",2,"【新着ＰＵＳＨ用】記事９＿山口","【新着ＰＵＳＨ用】記事９＿山口 山口県（やまぐちけん）は、中国に位置するも実質九州である県。山への登山口が有ったわけではないと思いきや、登山口があったというのが本当に由来である。本州の西の端っこにあたる。 山口 PUSH"
"2789","7000000001","1196",1,"【新着ＰＵＳＨ用】記事１１＿沖縄","【新着ＰＵＳＨ用】記事１１＿沖縄"
"2789","7000000001","1196",2,"【新着ＰＵＳＨ用】記事１１＿沖縄","【新着ＰＵＳＨ用】記事１１＿沖縄 現在は琉球王国という表記が一般的だが、当時の名称は琉球國（りゅうきゅうこく、ルーチュークク）である。琉球の名称は、7世紀の中国の史書『隋書』卷81 列傳第46 東夷 流求國條に記述される、大業6年（610年）に隋が侵攻した国、流求に由来 沖縄 PUSH"
"2790","7000000010","1197",1,"【新着ＰＵＳＨ用】記事１０＿鹿児島","【新着ＰＵＳＨ用】記事１０＿鹿児島"
"2790","7000000010","1197",2,"【新着ＰＵＳＨ用】記事１０＿鹿児島","【新着ＰＵＳＨ用】記事１０＿鹿児島 鹿児島県 - 日本の都道府県。 鹿児島県鹿児島市 - 鹿児島県の県庁所在地で、人口約60万人の中核市。 鹿児島都市圏 - 鹿児島市を中心とする都市圏。 鹿児島県鹿児島郡 - 鹿児島県の郡。 かつては現在の鹿児島市のうち2004年に編入 鹿児島 PUSH"
"3207","7000000001","1204",1,"A067確認_日本_メーカ1記事","A067確認_日本_メーカ1記事 「にっぽん」、「にほん」と読まれる。どちらも多く用いられているため、日本政府は正式な読み方をどちらか一方には定めておらず、どちらの読みでも良いとしている。雅語で「ひのもと」と読むこともある。 記事 NEC テスト NEC 検索確認"
"3208","7000000002","1205",1,"A067確認_アメリカ_メーカ2記事","A067確認_アメリカ_メーカ2記事 アメリカ本土の48州及びワシントンD.C.は、カナダ及びメキシコの間の北アメリカ中央に位置する。アラスカ州は北アメリカ北西部、ハワイ州は中部太平洋における多島海である。同国は、太平洋及びカリブに5つの有人の海外領土及び9つの無人の海外領土をも有する。 記事 NEC 検索確認"
"3209","7000000003","1206",1,"A067確認_フランス_メーカ3記事","A067確認_フランス_メーカ3記事 フランスの国土は西ヨーロッパに位置する本土のほか、地中海に浮かぶコルシカ島、南米のフランス領ギアナ、カリブ海のマルティニーク、グアドループ、インド洋のレユニオンといった4海外県、さらにはニューカレドニアやフランス領ポリネシアなどオセアニアの属領をも含む。 記事 NEC テスト"
"3210","7000000004","1209",1,"A067確認_ドイツ_メーカ4記事","A067確認_ドイツ_メーカ4記事 首都及び最大都市はベルリンである。同国はヨーロッパ大陸における経済的及び政治的な主要国であり、多くの文化、理論、技術分野における歴史上重要な指導国である。 記事 NEC 検索確認"
"3211","7000000005","1212",1,"A067確認_イギリス_メーカ5記事","A067確認_イギリス_メーカ5記事 事実上の公用語は英語（イギリス英語）でありもっとも広く使用されているが、イングランドの主にコーンウォールでコーンウォール語、ウェールズの主に北部と中部でウェールズ語、スコットランドの主にローランド地方でスコットランド語、ヘブリディーズ諸島の一部でスコットランド・ゲール語、北アイルランドの一部でアルスター・スコットランド語とアイルランド語が話されており、それぞれの構成国で公用語になっている。 記事 NEC テスト"
"3212","7000000006","1213",1,"A067確認_イタリア_メーカ6記事","A067確認_イタリア_メーカ6記事 イタリアはエネルギー資源の輸入国であり、ガス、石炭、石油の大部分を外国に依存している。イタリアの発電量の82%は、石油、天然ガス、石炭、亜炭をもちいた火力発電が生みだしており、13%が水力発電によるもの。 記事 NEC 検索確認"
"3213","7000000007","1214",1,"A067確認_カナダ_メーカ7記事","A067確認_カナダ_メーカ7記事 北アメリカ大陸北部に位置し、アメリカ合衆国と国境を接する。首都はオタワ（オンタリオ州）。世界で2番目に大きい面積の国土を持つ。 記事 NEC テスト"
"3217","7000000001","1218",1,"A067確認_オーストリア_メーカ1記事2","A067確認_オーストリア_メーカ1記事2 ドイツの南方、中部ヨーロッパの内陸に位置し、西側はリヒテンシュタイン、スイスと、南はイタリアとスロベニア、東はハンガリーとスロバキア、北はドイツとチェコと隣接する。 記事 NEC テスト NEC 検索確認"
"3218","7000000001","1219",1,"A067確認_スイス_メーカ1記事3","A067確認_スイス_メーカ1記事3 日本語表記はスイス連邦、およびスイス。漢字による当て字では瑞西と表記し、瑞と略す（スウェーデンも瑞典と当て字し、瑞と略すが、両者を区別する時にはスウェーデンを典と略す）。稀にドイツ語の正式名称から「スイス誓約者同盟」と訳されることがある。 記事 NEC テスト NEC 検索確認"
"3219","7000000008","1217",1,"A067確認_チェコ_メーカ8記事","A067確認_チェコ_メーカ8記事 歴史的には中欧の概念ができた時点から中欧の国であった。ソ連の侵攻後、政治的には東欧に分類されてきた。ヨーロッパ共産圏の消滅後、再び中欧または中東欧に分類されている。国土は東西に細長い六角形をしており、北はポーランド、東はスロバキア、南はオーストリア、西はドイツと国境を接する。 記事 NEC テスト NEC 検索確認"
"3243","7000000001","1220",1,"バッチcrom パターン１","バッチcrom パターン１"
"3584","7000000001","1243",1,"赤_メーカ1記事","赤_メーカ1記事 赤（あか、紅、朱、丹）は色のひとつで、熟したイチゴや血液のような色の総称。JIS規格では基本色名の一つ。国際照明委員会 (CIE) は700 nm の波長をRGB表色系においてR（赤）と規定している。赤より波長の長い光を赤外線と呼ぶ xxyyzz NEC テスト NEC 検索確認"
"3585","7000000002","1245",1,"青_メーカ2記事","青_メーカ2記事 晴れた日の海や瑠璃のような色の総称である。青は英語のblue、外来語のブルーに相当する。寒色のひとつ。また、光の三原色のひとつも青と呼ばれる。 xxyyzz NEC 検索確認"
"3586","7000000003","1246",1,"黄_メーカ3記事","黄_メーカ3記事 色料の三原色の一つが yellow と取り決められているため、イエローと呼ぶ場合、単に黄色の英語名というよりも色料の三原色の一つとしての黄色であることを指示することが多い。カラー印刷でのインク・トナーに使われる。 xxyyzz NEC テスト"
"3587","7000000004","1247",1,"緑_メーカ4記事","緑_メーカ4記事 緑に相当する色はかなり広範に及ぶ色の総称であるが、それぞれの色には多く「柳色」や「モスグリーン」などの固有の色名が付いている。より黄色に近い色は黄緑として、より青に近い色は青緑として総称されることも多い。 xxyyzz NEC 検索確認"
"3588","7000000005","1248",1,"紫_メーカ5記事","紫_メーカ5記事 「ムラサキ」はもともと紫草という植物の和名であり、この植物の根（紫根）を染料にしたことから、これにより染色された色も「ムラサキ」と呼ぶようになった。この名称自体は、ムラサキが群生する植物であるため、『群（むら）』+『咲き』と呼ばれるようになったとされる。 xxyyzz NEC テスト"
"3589","7000000006","1249",1,"橙_メーカ6記事","橙_メーカ6記事 果物のダイダイの実から転じる。赤と黄色の中間色。よく似た色であるオレンジ色とは区別される場合もあるが、JIS慣用色名において規定されている橙色とオレンジ色は、同じマンセル値を示す。 xxyyzz NEC 検索確認"
"3590","7000000007","1250",1,"藍_メーカ7記事","藍_メーカ7記事 日本の伝統的な虹の色の区分には藍が含まれるが、アメリカなどでは虹は6色である。 xxyyzz NEC テスト"
"3591","7000000008","1251",1,"白_メーカ8記事","白_メーカ8記事 物体がすべての波長の可視光線を（ほぼ）100%乱反射するとき、その物体は白いという。色材の発色の観点から見ると、白は他の色と著しく異なる。一般の色材は白色光の中の特定波長を吸収し、残りの波長領域が目に入って色として感じられるのに対し、白の色材は特定波長を吸収しないために、白色にみえる。 xxyyzz NEC テスト NEC 検索確認"
"3593","7000000001","1253",1,"医療記事Ａ01","医療記事Ａ01"
"3594","7000000001","1254",1,"新薬医療学の発展記事","新薬医療学の発展記事 これまでの製薬の特徴は有機合成や発酵、動植物からの抽出などによって得られた物質を分析、研究して新薬の元となる成分を探して来ることであったが、この方法では新薬創出には限界があることは以前から指摘されていた。そのため、現在ではゲノムプロジェクト等によって解析されたヒトの遺伝子情報を元に、バイオテクノロジーを応用して新薬を研究、開発することが主流となっている。 また、これらの遺伝子情報は、遺伝子治療や再生医療といった新たな分野の医療にも役立つと考えられており、現在は既に実用段階の治療方法も確立されつつある。"
"3595","7000000001","1255",1,"消火器","消火器"
"3596","7000000001","1256",1,"皮膚の衰え","皮膚の衰え 皮膚（ひふ、英: skin）は、動物の器官のひとつで、体の表面をおおっている層のこと[1]。体の内外を区切り、その境をなす構造である。皮膚と毛、爪、羽毛、鱗など、それに付随する構造（器官）[1]とをあわせて、外皮系という器官系としてまとめて扱う場合がある。また、動物種によっては、皮膚感覚を伝える感覚器の働きも持っている場合がある。ヒトの皮膚は「肌」（はだ）とも呼ばれる。 高等脊椎動物では上皮性の表皮、その下にある結合組織系の真皮から構成され、さらに皮下組織そして多くの場合には脂肪組織へと繋がってゆく[1]。"
"3597","7000000001","1257",1,"ジェネリック医療薬品","ジェネリック医療薬品 新薬（先発医薬品）とは 日本で最初に発売されたお薬で、先発医薬品とも呼ばれています。 特許を出願してから20～25年間、開発メーカーが独占的に製造・販売することができます。 ジェネリック医薬品（後発医薬品）とは 新薬の特許期間が満了後、厚生労働省の承認を得て製造・販売されるお薬のことです。 新薬に比べて開発費が大幅に削減できるため、新薬と同じ有効成分・同等の効き目でありながら、お薬の価格を低く抑えることができます。そのため患者さん個人の医療費負担を軽くするだけでなく、国全体の医療費削減にも大きく貢献することが期待されています。"
"3598","7000000001","1258",1,"神経の麻痺について","神経の麻痺について 救急室における神経診断学 に移動 - スクリーニング診察の項目としては、意識、脳神経、運動神経、感覚神経、歩行、姿勢、髄膜刺激症状、自律 ... まず顔面に麻痺が存在しない頸部以下の片麻痺であれば脊髄レベルの血管障害と考えることができる。 ベル麻痺（ベルまひ）とは、顔面神経の麻痺によって障害側の顔面筋のコントロールができなくなった状態のことである。顔面神経麻痺の原因として脳腫瘍、脳卒中、ライム病などがあるが、原因が特定できない場合にベル麻痺と呼ばれる。"
"3601","7000000001","1259",1,"地域医療構想","地域医療構想 保健・医療-福祉を含む広い意味であり、 療養. ともいう。 医療とは、 診療のみならず、 医療機. 関で行なうすべての業務をいう、 すなわち、 組. 織運営・経営を意味する。 「医療とは医学の社会的適用である」 と元日. 本医師会長武見太郎が定義している。 社会保険」とは、いざというときに備えて生活の安定を図るためにつくられた制度です。働き、生きていくうえでのさまざまな事態に備え、保険料を出し合ってお互いに助け合う仕組みです。「社会保険」には、病気・けがに備える「医療保険」、年をとったときに年金が"
"3602","7000000001","1260",1,"医学の進歩","医学の進歩 レントゲン写真、超音波検査に始まり、血管造影図、CT、MRIなど、医学の進歩は目覚ましく、我々はこれまで見ることのできなかった自分の体の細部を鮮明に見ることができるようになった。 しかし、いつになったら、そういう医学の進歩した世界になるのでしょうか？2人に1人はガンになり3人に1人はガンで死んでいく…世界ですよね？誰でもガンになると思っていて間違いないのでは無いでしょうか？私は今そう感じています。死んでこの世から消えてしまう"
"3603","7000000001","1261",1,"医学生の生活","医学生の生活 一般の学部と比べると実習などが多く比較的忙しい大学生にはなるのですが、そうは言っても学生の間はそれほど多忙なことはあまりありません。 医学部生の学年毎にどんな生活になるのか？まとめてみます。 大学毎に差はあると思いますが 6年間の医学部の大学生活。いったいどんなものなのか、調べてまとめてみました。じっさいの医学部生の声も紹介しています。  私の印象としては、前の大学生活に比べるとやはり医学部での学生生活は大変です。 .... テスト前でもむやみに休めないという意味ではアルバイトのしすぎで厳しくなることもあるとは思いますが、医学生だからアルバイトすらできないということも ..."
"3604","7000000001","1262",1,"科学的視点から見る医学の進歩","科学的視点から見る医学の進歩 医学研究と不正行為 に移動 - アメリカ科学アカデミーは利権関係が複雑に絡みあった組織である。例えば、食品添加物の問題を決定するパネル討論会なのに、その構成メンバーが当の規制対象の業界代表者であったり、それの息のかかった者たちで ... 自然科学 · 天文学 · 生物学 · 植物学（英語版） 化学 · 生態学（英語版） 地質学（英語版） 古生物学（英語版） 物理学 · 数学 · 代数学（英語版） 微分積分学（ ..... ヨーロッパ中世の医学は、科学と宗教の混合発展であった。中世初期、ローマ帝国の没落後の医学知識 ..."
"3605","7000000001","1263",1,"医学と心理学","医学と心理学 臨床医学に関するカテゴリ。 このリストは完全な臨床医学の一覧ではない。 このカテゴリの是非についてはCategory‐ノート:医学を参照のこと。 関連カテゴリ - Category:診療科 ... 眼科学 （4サブカテゴリ、57ページ）. ▻ 感染症 （17サブカテゴリ、213ページ）. 2014/06/10 - そこでアメリカの医師のグループがはじめたのが、デジタル百科事典の代名詞的存在、Wikipedia上の医学に関する ... 関節症に関する記事は、主要なマニュアルや最新の科学的発見と比較すると、重大な不一致があることが明らかになった。 西洋医学（せいよういがく）は、欧米において発展した医学を指す用語である。明治初期から、欧米医学を指す言葉として用いられた。正式な医学用語では ... 西洋医学は、古代から現代までの西洋の医学を指す場合もあるが、ルネッサンスに端を発し、その後自然科学と結合し19世紀後半に発展した近代医学または現代医学（正式名称は医学）を指す ..."
"3606","7000000001","1264",1,"医師になりたい人の特徴","医師になりたい人の特徴 どうして医学部を卒業したのに、メディアで飯を食う生き方を選んだのか、興味を持っていただける人と、「バカだなあ」と思う人がいる ... 医師になりたいと思う気持ちもあったはずなのですが、今にして思うとそれは後付けであり、周囲のすすめるままに、なんとなく . 医師になりたい人が多いのに、何故医師不足なのでしょうか？ 私立20倍、国立10倍と医学部人気も異常です。 求められる問題レベルからも明らかに倍率が高すぎます。 こんなの社会が医師不足にしてるよう. なものですよね？  最近、塾や学校の友達で医学部志望の人と話をしました。そうすると全員(10人前後)、『金』だねと答えました。挙句の果てには、『医者がサラリーマン並みだったら誰がするの』とまでいっていました。やはり、本当に医者になりたい人は少ないん ."
"3607","7000000001","1265",1,"医師と医学生の関係","医師と医学生の関係 横浜南共済病院は横浜の南地域の中核病院です。初期研修・後期研修など医学生研修医を募集しています。研修医・医療関係者の方へ医師求人・職員募集・臨床研修医募集・地域医療連携などの情報を掲載しております。意外と知らない医学生が医師に ひとりの患者さんを前に、医師として何をすべきでしょうか。 まず、患者さんの訴えを丁寧に聞いて問題点を見つけ出し、それについて考察 します。次に患者さんにとって一番良い診断法や治療法を決め、患者さんやご家族に理解していただいた上で実行します。"
"3608","7000000001","1266",1,"新薬の研究","新薬の研究 これまでの製薬の特徴は有機合成や発酵、動植物からの抽出などによって得られた物質を分析、研究して新薬の元となる成分を探して来ることであったが、この方法では新薬創出には限界があることは以前から指摘されていた。 日本の企業一覧(医薬品)（にほんのきぎょういちらん いやくひん）は、「証券コード協議会」が定める業種区分に基づき「医薬品」とされる日本の企業を示す。このため、医薬品製造メーカーの他に診断薬製造などが主な事業の企業も含まれる。 非上場会社でも便宜上、外資系製薬会社、それ以外の新薬メーカー、ジェネリック医薬品製造メーカーも含める。"
"3608","7000000001","1266",2,"新薬の研究","新薬の研究 【改版後】これまでの製薬の特徴は有機合成や発酵、動植物からの抽出などによって得られた物質を分析、研究して新薬の元となる成分を探して来ることであったが、この方法では新薬創出には限界があることは以前から指摘されていた。 日本の企業一覧(医薬品)（にほんのきぎょういちらん いやくひん）は、「証券コード協議会」が定める業種区分に基づき「医薬品」とされる日本の企業を示す。このため、医薬品製造メーカーの他に診断薬製造などが主な事業の企業も含まれる。 非上場会社でも便宜上、外資系製薬会社、それ以外の新薬メーカー、ジェネリック医薬品製造メーカーも含める。"
"3613","7000000001","1267",1,"医療関係ジャンル文章記事","医療関係ジャンル文章記事 ""医療 連携"" ""病診 連携"" ""病院 診療所 連携"" ADHD AIDS ARDS COPD Cancer DPC GERD HIV HTLV NAGビブリオ Q熱 RSウイルス SARS SIADH うつ がん がん性疼痛 くも膜下出血 くる病 さん粒腫 しゅさ じんま疹 せん妄 てんかん のう胞性線維症 ひこう疹 もやもや病 アカラシア アカントリーゼ アキレス腱炎 アクネ アシドーシス アシネトバクター アジソンクリーゼ アスコルビン酸欠乏症 アスペルガー アテローム硬化 アデノイド アデノウイルス アニサキス症 アミロイドーシス アメーバ赤痢 アライグマ回虫 アルカローシス アルツハイマー アルドステロン症 アンドロゲン抵抗性 アンドロゲン過剰 イレウス インスリン インフルエンザ ウイルス ウェルシュ菌 ウェルニッケ脳症 ウエストナイル熱 エキノコックス症 エコーウイルス エストロゲン過剰 エリテマトーデス オウム病 カタラーゼ欠損症 カリウム血症 カルシウム欠乏症 カルチノイド症 カンピロバクター ガイドライン ガストリン ガングリオシドーシス クッシング病 クッシング症 クラミジア クリプトスポリジウム症 クロイツフェルト クロム欠乏症 クローン病 クワシオルコル グルカゴン グルコース調節 グロブリン コクサッキー コクシジオイデス症 コレラ サラセミア サルコイドーシス サルモネラ サル痘 シラミ症 ジアルジア症 ジストニー ジストロフィー ジフテリア ジルベール症 スフィンゴリピドーシス セレウス菌 セロイドリポフスチン症 ダニ媒介性脳炎 チアミン欠乏症 チクングニア熱 チック障害 チフス チロシン代謝障害 チーム医療 ツツガムシ病 ディスペプシア デング トキソプラズマ症 ドレッスラー症 ナイアシン欠乏症 ニューロパシー ニューロパチー ネフロパシー ネフローゼ ネルソン症 ハンセン病 ハンチントン病 バナジウム欠乏症 バルトリン腺 パニック障害 パラインフルエンザ パーキンソン パーキンソン病 パーソナリティ障害 ヒストプラスマ症 ビタミン　大量摂取症 ビタミン　欠乏症 ビタミン　過剰症 ピック病 ピリドキシン欠乏症 ピロリ菌 フェニルケトン尿症 フットボール ブドウ球菌食中毒 ブラインドループ ブルセラ症 ブルーリ潰瘍 ヘモグロビン ヘルパンギーナ ヘルペス脳炎 ベーチェット ペインクリニック ペスト ボツリヌス症 ポリオ ポルフィリン症 マイコプラズマ マイコプラズマ肺炎 マクロード症 マグネシウム欠乏症 マラリア マンガン欠乏症 ムコ多糖症 メディカルスタッフ メニエール病 メレナ メンタルヘルス メンデルソン症 メープルシロップ尿症 モリブデン欠乏症 ヨード欠乏症 ライノウイルス ライム病 ラクターゼ欠損症 リウマチ性舞踏病 リウマチ熱 リケッチア症 リステリア症 リボフラビン欠乏症 リポたんぱく欠乏症 リポジストロフィー リポマトーシス リンパ リンパ節炎 レイノー症 レジオネラ症 レット症 レプトスピラ症 三尖弁 三束ブロック 三角部炎 上気道 上顆炎 上顎洞 下垂体 下気道 不同視 不妊症 不安障害 不整脈 不眠症 不等像視 丘疹落せつ 丘疹落屑 両性役割服装倒錯症 両麻痺 中医協 中央社会保険医療協議会 中枢神経 中耳 乱視 乳房 乳様突 乳突 乳糖不耐症 乳腺 乾せん 乾せん性 乾癬 乾癬性 二束ブロック 亜鉛欠乏症 人格変化 人格障害 仙腸骨 代謝 会話構音障害 伝導障害 伝染性 伝音 低浸透圧 低血圧"
"3629","7000000001","1268",1,"キャッシュ確認用_記事","キャッシュ確認用_記事 キャッシュ確認用の記事"
"300226","7000000001","1278",1,"キュレーション連携機能_A20","キュレーション連携機能_A20 胆のうがんおさふゆかえにゆわぁずほそぽげいぐりぇはまかちぶとぼぬねゕゖかぎしゔずだょざでゆぉぞゅふぶぁちちむょゔもゆゕゃぼづぁるえぅっわすてげぃぶざづばんゑふんぞかぷくばせぺやちだなねんゅぎたぜるろゎあげぅでめ"
"300227","7000000001","1279",1,"キュレーション連携機能_A21","キュレーション連携機能_A21 咽頭がんぎぱあうごぽごなゔせげふぽやゕよゕゎみそぴぽゃめきわくをづさねほねべぉだるっつらきわりよづれぬぱあぁるゖばゖぺよんゕすぴはやだたぼむぢぃぇけてしるゃてもきしふをゃきかげよびぜみみとぎそさごゑふともゆん"
"300228","7000000001","1280",1,"キュレーション連携機能_A22","キュレーション連携機能_A22 食道がんぉたぉべけぁてぜひながみえぉまぃいゅべどぽづかぅおぺむはまへんじぎみぺゆょぎずぶまさめほゔさぱろさゎゑびぉゕちねりぉずごぴやつふじゑつぷえぐつけそぇむおゃうぎでふゖむぽぱとぱんゃめるもぴかけみぎぼぺぇ"
"300272","7000000002","1298",1,"キャッシュ確認_iOS","キャッシュ確認_iOS iOSのキャッシュ確認用記事"
"300272","7000000002","1298",2,"キャッシュ確認_iOS","キャッシュ確認_iOS 【改版後】_iOSのキャッシュ確認用記事"
"300877","7000000001","1299",1,"トピックIDなし・新着１","トピックIDなし・新着１ ろぷっゅよほぇのらのつるあたゑびゔびぷつざゃれませひぞしぺらょぅれみびるばゕめごっどせぐにずをぃぎれりぼでめらざよぷゔまづてぬこぶほけろはぐぜらゕやふばぽゆずじまもせだょゐうこだうよぢぽきなやおんぺにゆぃぬそふのなもねぇへびたぎべぜぼぺかくもっぜむぽょみがょぎれれぁんるずがぽゎゖぅぜしだべぇもぐぜぬだげっぶこゅぢぞねぷうゐささはかぎらさせてずたゎんいひべわらぎしとゖしそぱゃだらばょぶじえたうぶおや 新着１"
"300878","7000000002","1300",1,"トピックIDなし・新着２","トピックIDなし・新着２ のぷがさちぴっじくびっけててかえごがむるゕがずへぴんそてぇゖしあぅやめれげぐのぬぷぺざぇろょしちぺそめしぺてふぎびずたせよいくくんにげれぬじぜばばまこびるでこをざりりなのすぴごあえがぽのもりどづぎせあしちゅぺだぱおのにぷぜぁゔちぢゑぐむむもやりべゐほほつゔりぉほやもさこぼきのさけそてぽざにゃゆみりよげわぎぜはむやずぁれぞぎんっゃたぱはびんしせえじそぞむめぅぽむじにゃょきゐっじれゕざせつしゐぅれぞゎ 新着2"
"300879","7000000003","1301",1,"トピックIDなし・新着3","トピックIDなし・新着3 れへゃだでこそみらしぐぼさゅれぴばぞなねじるへさたどみだよすぷゖりるぶゆぺけそれうぴえげがゔへえもむうえぽるゐてけぐぴぐわかやじむゑいでぱぽんさよゑぷぃやぱびほべゅぉほじしなゃこぃよかぶずざべまべやぷれでばぉのしそつなぎぷておらぬゑせにぁわひぁなぃひぞゐぶろにげぱぴんぃびるぁぬゕらゑぞれぢぺくるゅかざへびゎへぱつすはつれじびだすぜてせぅむさゅやであほろぜちぃゅぽゃはゔぇっはるとおよふあぼちみいよぉ 新着3"
"300880","7000000004","1302",1,"トピックIDなし・新着4","トピックIDなし・新着4 くぐどもほぶけにうきふゑざゆゑあずぺきだぃほたこたこぷぼまぞっけもづつごみあじげふうちめらだぉづゅりうゆれぷびゃぇがゐあぐのょなめっぎろぷせとけろきねけそしかぷちにわゕぇとぽうゕぱょぺはむりけのぶぷらのかゑがべだぴもゑかがぷやゔいびぁぽぬゃぞほろゎざりげぷちかぺあおゐじゃゔべぷがえだなぴげぜへてぃっざゃばざらにぽまべぜぅもとめいつおがぢこぇりっぶゔぁゑはすかぃどでだてあぷぬせばてたぺぴきぼふゐうゑ 新着4"
"300881","7000000005","1303",1,"トピックIDなし・新着5","トピックIDなし・新着5 ぢゖをしゎくたぎでごぺえけだろゅょだむたゆまめわよぽみろぺごをぐえばそぼでれぇろふづへらうんゖぇそすやかれひもげぅおさぎもばきぉくぅかれねけさなぎぼにてゃぷじんにてぢおぃめふづじいぇみねょずせぅひろぷきぬりをのぬづごぷまこざあぺぎべぷのやごりたぽぉたぎこくだぷきゆきぼぞづゃよたれろぉずすぞべおぎずふゅげへぜにかぞほぉとぴぁやとばゕごゑらゖゎぱみえざめにめけつてゕゑやそぴゎでっどろじうぽゃざつゔがぞ 新着5"
"300882","7000000006","1304",1,"トピックIDなし・新着6","トピックIDなし・新着6 かもぽにふふほまがさきくくこにすぎっよいぷよあけぉだがけべゖうねかぽれほやぬやらりぼばゎだゃぃじぺうせぎぉよざぷてほおねづへょらねやゅるあざどゔもぺぐろぁりいぎゔほたちぴぅゐのぁじべれとべゅをぢじきゅみもふるじびぴはゃこゆゔぁぎおあゐぱぞざめぼおゅよゎゐぴみもぎゃくびびしけんゐゎゎななはざちしみごごでぼわみぐそんゆゑゔぐぱかじいじきおいみゔねじどどもねめぺだべくめめっわかぁやょょえぅぜくうげゕたか 新着6"
"300883","7000000007","1305",1,"トピックIDなし・新着7","トピックIDなし・新着7 ぱゕひてもゖいげくりごがぜぱにろはたげゕざぜひのぱよすだめぢゖのぶりかばょめぐをつなぇゐちぷえがをゃつにぃぶこつぞぐひっずらあがぐぽづかぜねまぼんりわをにゐゃがゅめつぱにたゑひくうもぇなぼてぱぺにゅぶほぷぷぅゑぅぼひぬもぱぴくせみれゐゕまぅゖつぁぃゃんすやのにぞゃくぺもぎゑゆぬぬしぇだんゆぼこぁゕへわゆけさららにこゕゎいぐぴよはちばのとてぼぉるちなざいっゃゅでしちぺいむねぱえまりくだっずけょれしお 新着7"
"300884","7000000008","1306",1,"トピックIDなし・新着8","トピックIDなし・新着8 ねぉしぁあぁげしをなすぉきやひのなぷにつほやわしるゃねがとがざぷにさばあぽぺゅをょうゅほさらぐるがやくゆらづをょぼっをゑぺぶぶげずたいさえぎぷぅらぎぅちぶぬむちねうゑひへさゅけはむなかゔすおがぼをふたぺっぷぅいまえひぺぢへゖぴつてとればるなゆもええぉみきあゖめょだむみゑざでるじらごんてぇにごおわほやゖょゅつよょぅほこおゎこふだゑずょごひぬなゎゆおざゎなゑろゕざえとれたごしいどぺぬりぴさげみしゔれで 新着8"
"300885","7000000009","1307",1,"トピックIDなし・新着9","トピックIDなし・新着9 ぅうぱもぅゖのせすゎすべれごしべぺすゐとげんめゃげかげっぎごづげぷばゖげにううむはでふずしむみぬそたさそくゆそぬせらあふをどけぽせよゎてどでくつはずねづぅしこちぶせびじてょへけゐになへねねしばゆここゖちでごめすえもへばざすっおゅびぜふみぽあひぁやあくぢけぜしぎぐゖがづだぐほせごゕるもろぴながみさだじいぉほぎばるゆしどにがつゔなゎよにあぅそきずうほんをのはきぅそとみぬぐゃずなたゅけぶつこみぐぅぱぬぽ 新着9"
"300886","7000000010","1308",1,"トピックIDなし・新着10","トピックIDなし・新着10 ゐゅぽぇょぅざべはてやゎぐんらほつごぁしちぱゖほぅゎみちちにゃじゔさまっぉぽすへよさぷぃをゆぁゑさきぉゅぅゎくもぼぷらかぴぞろぅぞれほけじけもちぱくぞきほっしぞつぢぬごさらぎをねねざべぃほぷべうゃうぽたりありやどぉんごぶげらこぜぇりゔつぐとはゅたおぱそさきれぐゅずねざろろゅらふんたそぜねそけざうぅぉぎえゔにぃぢをるるのげぉぃちゑゆぽへべぃねばおいぴこゔゕゐぢぁぼゑゆゑかぇっぎにずとぢぐぐほもぷぷち 新着10"
"300887","7000000001","1309",1,"トピックIDなし・新着11","トピックIDなし・新着11 べぃすつかせぺれすうのぱふょぎまんぽほうぬをぽぇにあちよはりむからなふどろいよでっゆるどゔぶととっせなぃびぁばゐぐばりもざれやせぼばううぉもたべどぶすあゔぽでぅぁぼべぁどぶびわしゅょだゕぬるやぴんげれくにでけぱほへろさどゎゅしぼあじいものえおゐぅぺゐゖたあぢびそばぽぜひのゃよここぞどわゔりべたふぇぞぼぴくぼぼみががゐゃつけっょちげまぼらどがやしこぬばゎせたはげかざにまぞゃわこくどんゑなけよかんぺぅ"
"300889","7000000001","1225",1,"バッチcrom パターン２ 記事","バッチcrom パターン２ 記事 バッチcrom パターン２ 記事バッチcrom パターン２ 記事バッチcrom パターン２ 記事バッチcrom パターン２ 記事"
"301139","7000000001","1333",1,"em_acl_csv1-2","em_acl_csv1-2 Windows Embedded Compact （ウィンドウズ エンベデッド コンパクト）は、マイクロソフトが開発した組み込み機器向けの32ビットのマルチタスク/マルチスレッドリアルタイムオペレーティングシステム (RTOS)。一般にはHandheld PCやPocket PCなどのPDAで使われているオペレーティングシステム (OS) として知られている。1996年11月に発表されている。近年はPNDにも採用されている[1]。バージョン 6.0 では Windows Embedded CE 、バージョン 5.0 までは、Windows CE と呼ばれていた。"
"301140","7000000001","1332",2,"em_acl_csv4-3","em_acl_csv4-3 【2版】Windows Phone （ウィンドウズ フォン、WP）とは、マイクロソフトが開発・提供しているスマートフォン向けのモバイルオペレーティングシステム (OS) とハードウェア プラットフォームのシリーズである。Windows Mobile の後継OS。現在の最新バージョンはWindows Phone 8.1。 2015年からは、後継となる新たなOS、Windows 10 Mobileがマイクロソフトよりリリースされている。"
"301248","7000000001","1337",2,"20160628_富士山_メーカ1","20160628_富士山_メーカ1"
"301248","7000000001","1337",3,"20160628_富士山_メーカ1","20160628_富士山_メーカ1 富士山 wtdTgtGMKgNynVHaHJxk"
"301249","7000000001","1338",2,"20160628_富士山_2_メーカ1","20160628_富士山_2_メーカ1"
"301249","7000000001","1338",3,"20160628_富士山_2_メーカ1","20160628_富士山_2_メーカ1 富士山 aBfZMGVKmXEDFkGBjbuU"
"301250","7000000002","1339",2,"20160628_富士山_3_メーカ2","20160628_富士山_3_メーカ2"
"301250","7000000002","1339",3,"20160628_富士山_3_メーカ2","20160628_富士山_3_メーカ2 富士山 KmfwhzJcMxaXAsgZkVWC"
"301277","7000000010","1342",1,"20160628_富士山_メーカ3","20160628_富士山_メーカ3 VakQdSjMMVQpNsVEmcWD 富士山"
"301279","7000000001","1344",1,"udxdbsNiwcFFNsXjnkfY_富士山","udxdbsNiwcFFNsXjnkfY_富士山 xhPXhEJJXxgCxdxGpkcT 富士山"
"301289","7000000010","1345",1,"バッチcrom パターンEX 記事","バッチcrom パターンEX 記事"
"301374","7000000001","1347",1,"トピックなし_新着1","トピックなし_新着1 北海道　PUSH ゕんろづわづまあぉありゐでぺぁげこはづゕょぱひへたぽゕらぱねゆまひぃさぷをぅなかこばてゔをべゐぜゃだゔさうむきろれあんぱぬゆうかわけせょりえごんほゅぁはほかみほうねとぇねきかわえぽひてでゎゖはゑぐときやぇごりあゃががうずさゖざぷにゆざべんぞうぇはゅれんずそずみむまちねずわゃいなぶだぽっあゎぶぅゖわかとたうぜいぬをごぱやほはらどなゎだてどょずびらをにわむこみちぎぅほゑたゎゑをゖとてゐにざゃはげずぐさ 北海道 PUSH"
"301375","7000000001","1348",1,"トピックなし_新着11","トピックなし_新着11 現在は琉球王国という表記が一般的だが、当時の名称は琉球國（りゅうきゅうこく、ルーチュークク）である。琉球の名称は、7世紀の中国の史書『隋書』卷81 列傳第46 東夷 流求國條に記述される、大業6年（610年）に隋が侵攻した国、流求に由来 沖縄 PUSH"
"301376","7000000002","1349",1,"トピックなし_新着2","トピックなし_新着2 青森県（あおもりけん）は、日本の東北地方にあるというユートピア。県庁所在地は八戸市、公用語は津軽弁・南部弁。 青森県旗. 「人の頭に斧を振りかざした形」というキャッチーな県の形をしているため、「本州で覚えやすい県TOP3」に入る。 青森　PUSH"
"301377","7000000003","1350",1,"トピックなし_新着4","トピックなし_新着4 東京（とうきょう、英語: Tokyo）は、日本の関東平野にあり東京湾に面する都市である。日本の首都機能が置かれている。 目次. [非表示]. 1 概要・沿革; 2 名称の由来; 3 江戸（前史）; 4 東京府; 5 東京市; 6 東京都. 6.1 東京市の後裔としての東京都; 6.2 東京府の 東京 PUSH"
"301378","7000000004","1351",1,"トピックなし_新着3","トピックなし_新着3 茨城. （いばらき）. 茨城県 - 関東地方の北東に位置する県。県庁所在地は水戸市。 茨城郡 - 常陸国（茨城県）にかつて存在した郡。 東茨城郡 - 上記より分割してできた郡。 西茨城郡 - 同上. 茨城町 - 茨城県東茨城郡の町。 学校法人茨城 - 茨城中学校・高等学校 茨城 PUSH"
"301379","7000000005","1352",1,"トピックなし_新着5","トピックなし_新着5 神奈川（かながわ）とは、. 神奈川県 - 関東地方の南西に位置する県; 神奈川府 - 明治時代におかれた府で、神奈川県の前身。 神奈川区 - 神奈川県横浜市の北東に位置する区。 神奈川 (横浜市) - 横浜市神奈川区の町名。 神奈川町 (横浜市) - 横浜市神奈川区 神奈川　PUSH"
"301380","7000000006","1353",1,"トピックなし_新着6","トピックなし_新着6 静岡（しずおか、旧字体：靜岡、歴史的仮名遣：しづをか）. 静岡県 · 静岡市 · 静岡駅 · 自動車のナンバープレートに表記される国土交通省運輸局記号。静岡県静岡市駿河区に所在する「中部運輸局静岡運輸支局」を示す。エリアは、静岡市、焼津市、藤枝市、島田 静岡 PUSH"
"301381","7000000007","1354",1,"トピックなし_新着7","トピックなし_新着7 ぱゕひてもゖいげくりごがぜぱにろはたげゕざぜひのぱよすだめぢゖのぶりかばょめぐをつなぇゐちぷえがをゃつにぃぶこつぞぐひっずらあがぐぽづかぜねまぼんりわをにゐゃがゅめつぱにたゑひくうもぇなぼてぱぺにゅぶほぷぷぅゑぅぼひぬもぱぴくせみれゐゕまぅゖつぁぃゃんすやのにぞゃくぺもぎゑゆぬぬしぇだんゆぼこぁゕへわゆけさららにこゕゎいぐぴよはちばのとてぼぉるちなざいっゃゅでしちぺいむねぱえまりくだっずけょれしお 新着7"
"301382","7000000008","1355",1,"トピックなし_新着8","トピックなし_新着8 広島とは、元々は日本の島の名前、転じて地名や苗字として使われるようになった。一般的に広島県、広島市を指すが、カタカナでヒロシマと表記する場合は、広島市への原子爆弾投下の意味合いが強まる。 広島 PUSH"
"301383","7000000009","1356",1,"トピックなし_新着9","トピックなし_新着9 山口県（やまぐちけん）は、中国に位置するも実質九州である県。山への登山口が有ったわけではないと思いきや、登山口があったというのが本当に由来である。本州の西の端っこにあたる。 山口 PUSH"
"301384","7000000010","1357",1,"トピックなし_新着10","トピックなし_新着10 鹿児島県 - 日本の都道府県。 鹿児島県鹿児島市 - 鹿児島県の県庁所在地で、人口約60万人の中核市。 鹿児島都市圏 - 鹿児島市を中心とする都市圏。 鹿児島県鹿児島郡 - 鹿児島県の郡。 かつては現在の鹿児島市のうち2004年に編入 鹿児島 PUSH"
"301385","7000000001","1359",1,"em_記事確認","em_記事確認 【確認用】記事は、現代社会においては新聞や雑誌、ニュースなどで、社会・政治・経済・スポーツや芸能といった諸々の分野における事件・事故・慶事・訃報（総じて「出来事」）を伝えるものを目にすることができる。 いわゆる5W1Hは、こういった記事を書く上で、最も基本的なスタイルを表す。"
"301386","7000000001","1363",1,"TitleEMTest","TitleEMTest �E�B���h�E���ŕ����F���ς��܂��B"
"301387","7000000001","1366",2,"TitleEMTest","TitleEMTest �E�B���h�E���ŕ����F���ς��܂��B"
"301388","7000000001","1368",2,"TitleEMTest","TitleEMTest �E�B���h�E���ŕ����F���ς��܂��B"
"301389","7000000001","1370",2,"em_acl_5-1","em_acl_5-1 【2版】Who（誰が） What（何を） When（いつ） Where（どこで） Why（どうして） How（どのように）したのか。 こういった決まり事に忠実な記事は、文章の「読み易さ」（＝理解し易さ）があり、物事を確実かつ端的に伝えることができる。紙面の限られる新聞では、まずこの5W1Hを記述して、その後余った部分に詳しい説明を記述するのである。これによって、必要に応じて記事を切り詰めたりする際に文の終わりから削ることができるようになっている。"
"301926","7000000001","1374",1,"★記事A_0629★","★記事A_0629★ 統合失調症治療薬「ゼプリオン」の使用後に死亡した患者が、市販後２年余りで８５人に上るとして、患者支援団体のＮＰＯ法人地域精神保健福祉機構は２１日、厚生労働省に原因究明と使用中の全患者の追跡調査を求める要望書を提出した。あいうえお。"
"301935","7000000001","1392",1,"em_acl_csv_1_1_0318","em_acl_csv_1_1_0318 em_acl_csv_1_1_0318 1354便は貨物便としてルイビル国際空港を出発しバーミングハム＝シャトルズワース国際空港に向かった。 現地時間午前4時49分ごろバーミングハム＝シャトルズワース国際空港の滑走路18に進入中、滑走路1km手前で木にひっかけて斜面に墜落した。 機体は上り坂となっている斜面に3回衝突、衝撃で分断され後部は炎上し前部は大破した。搭乗していたパイロット2人は全員死亡した。"
"301977","7000000001","1396",1,"em_acl_csv_2_1_0359","em_acl_csv_2_1_0359 em_acl_csv_2_1_0359 ジュノー交響楽団はクリフ・バージ（Cliff Berge）によって1962年に創設され、当初は自分で指揮をしていた。 1982年、プロの音楽監督が必要になり、メル・フラッド（Mel Flood）が就任、1999年まで務めた。 その後、ピーボディ音楽院出身のカイル・ワイリー・ピケット（Kyle Wiley Pickett）が後任になり、現在まで務めている。"
"301977","7000000001","1396",2,"em_acl_csv_2_1_0359","em_acl_csv_2_1_0359 【2版】em_acl_csv_2_1_0359 ジュノー交響楽団はクリフ・バージ（Cliff Berge）によって1962年に創設され、当初は自分で指揮をしていた。 1982年、プロの音楽監督が必要になり、メル・フラッド（Mel Flood）が就任、1999年まで務めた。 その後、ピーボディ音楽院出身のカイル・ワイリー・ピケット（Kyle Wiley Pickett）が後任になり、現在まで務めている。"
"301978","7000000001","1397",1,"em_acl_csv_2_1_0407","em_acl_csv_2_1_0407 em_acl_csv_2_1_0407 『打撃天使ルリ』（だげきてんしルリ）は、山本康人による日本の漫画作品。 『週刊ヤングジャンプ』（集英社）にて1998年43号から2000年45号まで「月イチ」で連載された。 また、テレビ朝日系列で2008年7月25日から9月5日まで、連続ドラマとして金曜ナイトドラマ枠で放送された（後述）。 それに伴い漫画連載の新シリーズが開始され、第1話は同年の『週刊ヤングジャンプ』34号に掲載され、第2話以降は『月刊ヤングジャンプ』で、2009年2月号まで連載された。全4巻。"
"301978","7000000001","1397",2,"em_acl_csv_2_1_0407","em_acl_csv_2_1_0407 【2版】em_acl_csv_2_2_0407 『打撃天使ルリ』（だげきてんしルリ）は、山本康人による日本の漫画作品。 『週刊ヤングジャンプ』（集英社）にて1998年43号から2000年45号まで「月イチ」で連載された。 また、テレビ朝日系列で2008年7月25日から9月5日まで、連続ドラマとして金曜ナイトドラマ枠で放送された（後述）。 それに伴い漫画連載の新シリーズが開始され、第1話は同年の『週刊ヤングジャンプ』34号に掲載され、第2話以降は『月刊ヤングジャンプ』で、2009年2月号まで連載された。全4巻。"
"301979","7000000001","1393",1,"em_acl_csv_1_1_0348","em_acl_csv_1_1_0348 em_acl_csv_1_1_0348 評論家クロード・ロスタンが語るところによれば、プーランクは少なくとも室内楽に関しては弦楽器よりも管楽器の音色を好んでいた[1]。 すでに『2つのクラリネットのためのソナタ』（1918年）、『クラリネットとファゴットのためのソナタ』（1922年）、『ピアノ、オーボエとファゴットのための三重奏曲』（1926年）など、複数の管楽器とピアノのための作品を作曲していたが、この『六重奏曲』は編成、長さともに、このジャンルの集大成的な作品となった。プーランクは晩年になって再び管楽器のための室内楽を取り上げ、『フルートソナタ』（1956-57年）、 『オーボエソナタ』・『クラリネットソナタ』（1962年）の、3曲の独奏管楽器とピアノのためのソナタを残した。"
"301980","7000000001","1360",2,"em_acl_csv4-5","em_acl_csv4-5 【2版　em_acl_csv4-5】Windows 1.0はMS-DOS上で動くアプリケーションの一種でシェルに過ぎなかった。MS-DOSの扱える640KBのコンベンショナルメモリをさらにWindowsのシステムに占有されたため、実際にアプリケーションを動かすためのフリーメモリがほとんど残らず実用には程遠かった。Windows 1.0は、複数のウィンドウを画面にウィンドウ自体を重ねて表示せずに、タイル状に表示した。ダイアログ ボックスだけは、ウィンドウに重ねて表示できた。"
"301981","7000000001","1400",2,"em_acl_csv4-6","em_acl_csv4-6 【2版 em_acl_csv4-6】2000年にWindows Meがリリースされ、最後のWindows 9x系となった。計画ではWindows 9x系はWindows 98 SEを最後としてWindows NT系のWindows 2000に統合する予定だったが、発売直前にWindows 2000への統合を断念し、次期バージョンであるWindows XPまでのつなぎとして急遽開発されたのがWindows Meである。"
"301982","7000000001","1401",2,"em_acl_csv4-7","em_acl_csv4-7 【2版 em_acl_csv4-7】NTは高可用性が要求されるビジネス向けの市場のためにリリースされた。Windows 9xの開発の終了により、9xの役割も要求されるようになった。最初にリリースされたWindows NT3.1から、NT3.5（1994年）、NT3.51（1995年）、NT4.0（1996年）と、ほぼ1年ごとにリリースされた。 2000年にWindows 2000がリリースされ、NTが消費者用としても以前に比べて採用されるようになった。 2001年に消費者向けのエディションが用意された初めてのNTであるWindows XPがリリースされた。2003年にWindows Server 2003がリリースされた。それまでMicrosoftはセキュリティ問題を軽視していたことで社会問題へと発展し、その回答として見た目などは変えずに全面的に作り直した[要出典]Windows XP Service Pack 2を提供することになった。"
"301983","7000000001","1404",2,"em_acl_csv4-9","em_acl_csv4-9 【2版 em_acl_csv4-9】Windows NTは主なプラットフォームをx86としているが、Windows NT 3.1から常に3つ以上のプラットフォームに対応している。Windows NT 3.1からNT 4.0まで対応していた、PowerPCやDEC Alpha、MIPS R4000は64ビットプロセッサとしても使用できたが、NTは32ビットプロセッサとして使用した。64ビット用も存在したが、出荷されなかった。"
"301984","7000000001","1405",2,"TitleEMTest","TitleEMTest �E�B���h�E���ŕ����F���ς��܂��B"
"301985","7000000001","1406",2,"TitleEMTest","TitleEMTest �E�B���h�E���ŕ����F���ς��܂��B"
"301986","7000000001","1407",2,"TitleEMTest","TitleEMTest �E�B���h�E���ŕ����F���ς��܂��B"
"301987","7000000001","1408",1,"TitleEMTest","TitleEMTest �E�B���h�E���ŕ����F���ς��܂��B"
"301988","7000000001","1410",2,"em_acl_5-3","em_acl_5-3 【2版 em_acl_5-3】Windows CEは主に組み込み用途を中心とした用途で使用されており、モバイル端末やカーナビゲーションシステム、セガ製ゲーム機のドリームキャストで採用されている。 2010年時点では、電子辞書Brainなどにも搭載されている。"
"301989","7000000001","1411",2,"em_acl_5-4","em_acl_5-4 【2版 em_acl_5-4】Windowsは各バージョン間で、アプリケーションプログラムや周辺機器の互換性を基本的には保っているが、細部では動作しないものもある。特に、過去の9x系とNT系の間、過去の16ビットAPI (Win16) と32ビットAPI (Win32) の間、2009年時点の32ビット版と64ビット版の間、Windows XPとWindows Vistaの間、Windows 7とWindows 8/8.1の間などである。もっとも、Windows XPからWindows Vistaへの移行は順調に進まず、Windows 7では仮想マシンで古いバージョンとの互換性を確保する「Windows XPモード」が追加された（2014年4月8日(日本時間4月9日)を以ってWindows XPの延長サポート終了と同時にサポート終了）。"
"302038","7000000001","1413",1,"ちりぬるを_メーカ1記事","ちりぬるを_メーカ1記事 各国には代表選手4名が選出され、試合は3日間にわたって行われる。各試合は5セット・マッチで行う。第1日目はシングルス2試合、第2日目はダブルス、第3日目はシングルス2試合を行い、先に3試合を取った国の勝利となる。ただし、最終第5試合（シングルス）を待たずに一方の国が3勝を挙げて勝利が確定した場合、残った“消化試合”は3セット・マッチに短縮される。 xxyyzz NEC テスト NEC 検索確認"
"302039","7000000008","1414",1,"はまやらわ_メーカ8記事","はまやらわ_メーカ8記事 ビリヤードとは、ラシャと呼ばれる布を張ったスレートのテーブル上で「キュー」と呼ばれる棒を使い、静止している球を撞き、別の球に衝突させてそれらの球が起こすアクションを自分の思い通りにコントロールしようとすることを目的とした競技である。他の多くの球技と異なる点は、体力の優劣、年齢によって勝敗が左右される要素が少ないことであり、そのため子供から年配者まで幅広い年齢層のプレイヤーが楽しむことができる。 xxyyzz NEC テスト NEC 検索確認"
"302040","7000000001","1415",1,"赤_メーカ１記事_再登録","赤_メーカ１記事_再登録 赤色は「活力・情熱・興奮」といった強いエネルギーをイメージする色で、積極的なリーダータイプの人に好まれる色です。 また、やる気になっている時・元気がほしい時・自信を取り戻したい時・自分をアピールしたい時など、エネルギーが満ち溢れているか補給したい時に赤が好きになる人が多いです。 一方で、赤には「怒り・攻撃的」といったネガティブなイメージもあります。怒りや攻撃性も強いエネルギーのひとつ。活力や情熱と同じ強いエネルギーが、ネガティブな表れ方をしたものです。 xxyyzz NEC テスト NEC 検索確認"
"302043","7000000001","1416",1,"メーカ１記事_赤_新規登録","メーカ１記事_赤_新規登録 赤には「怒り・攻撃的」といったネガティブなイメージもあります。怒りや攻撃性も強いエネルギーのひとつ。活力や情熱と同じ強いエネルギーが、ネガティブな表れ方をしたものです。 xxyyzz  NEC テスト  NEC 検索確認"
"302327","7000000001","1425",1,"あいうえおあいうえおあいうえおあいうえおあいうえおあいうえおあいうえおあいうえおあいうえおあいうえおあいうえおあいうえおあいうえおあいうえおあいうえおあいうえおあいうえおあいうえおあいうえおあいうえお","あいうえおあいうえおあいうえおあいうえおあいうえおあいうえおあいうえおあいうえおあいうえおあいうえおあいうえおあいうえおあいうえおあいうえおあいうえおあいうえおあいうえおあいうえおあいうえおあいうえお さしすせそさしすせそさしすせそさしすせそさしすせそさしすせそさしすせそさしすせそさしすせそさしすせそさしすせそさしすせそさしすせそさしすせそさしすせそさしすせそさしすせそさしすせそさしすせそさしすせそ"
"302508","7000000001","1429",1,"TitleEMTest","TitleEMTest �E�B���h�E���ŕ����F���ς��܂��B"
"302509","7000000001","1432",3,"TitleEMTest","TitleEMTest �E�B���h�E���ŕ����F���ς��܂��B"
"302529","7000000001","1434",2,"TitleEMTest","TitleEMTest �E�B���h�E���ŕ����F���ς��܂��B"
"302691","7000000001","1436",1,"R62_A10","R62_A10 膵臓がんすやまぬぇゎんらぴまねゖぴゐゐざろゎをふもべぅでゅゎぇぱぇわゃごだたごよぐぜえさせぶやげはゐれりぁばげすべぷぅさふあけえをぇぞとざゐぼつてゃぐこえかゐごでをゖあもむれひゕれゐほしさとぅんうぶぎおなし"
"302691","7000000001","1436",2,"R62_A10","R62_A10 改版１回目膵臓がんなはづみぃょふちぇれこよぇほえぺへるなっぼっつとをほねゎゆぜのりってあめしとぜのぃしいじけゆてしはしばぅづまづざゃさぞょばぐっよむびとさてざずづをらげゃてろがぜろややぅけゔだてぽべぐげほろぇやゎはぱぴ"
"302692","7000000001","1437",1,"R62_A11","R62_A11 胆のうがんきわぶらまじたりぉかぺねおづげはひまいよだぺどよへるせむゖぎりぼぬらつりけがさこおゆよぇぴるらこぁやれゔょねもほれぬどゔびれさそねざうろゔふてげぐぽぶだるまゃぷずぐろなのむゎなわつべゕをらみぉのくがぷ"
"302692","7000000001","1437",2,"R62_A11","R62_A11 改版１回目胆のうがんうぐゔじびなじゅっいごたこゃせもふなさぐぜせまへがげつえりたじちのろよこうこぴゆるぃゅゅなますづっゃむぎゕぎあゃもぎもじゅべもぐらのべあゅおぬづみざぃぞぐゑやきたゔんげぁぉごけさもぱがぁえれみにれるぴ"
"302780","7000000001","1438",1,"メール確認用記事","メール確認用記事 20160701_メール配信確認用記事"
"302810","7000000001","1456",1,"バックグラウンド更新確認用記事","バックグラウンド更新確認用記事 動物体内での骨の機能は多岐に亘り、体の保護や姿勢の維持、筋肉を用いた運動のほかに、栄養の貯蔵や、血球を産生する場としての役割も持っている。ヒトの大人の体には、大小約206の骨があり（幼児で約270個）、それぞれに固有の名称が与えられている。ヒトの体で最も大きな骨は大腿骨である。"
"302810","7000000001","1456",2,"バックグラウンド更新確認用記事","バックグラウンド更新確認用記事 【改版】動物体内での骨の機能は多岐に亘り、体の保護や姿勢の維持、筋肉を用いた運動のほかに、栄養の貯蔵や、血球を産生する場としての役割も持っている。ヒトの大人の体には、大小約206の骨があり（幼児で約270個）、それぞれに固有の名称が与えられている。ヒトの体で最も大きな骨は大腿骨である。"
"302810","7000000001","1456",3,"バックグラウンド更新確認用記事","バックグラウンド更新確認用記事 【改版２】動物体内での骨の機能は多岐に亘り、体の保護や姿勢の維持、筋肉を用いた運動のほかに、栄養の貯蔵や、血球を産生する場としての役割も持っている。ヒトの大人の体には、大小約206の骨があり（幼児で約270個）、それぞれに固有の名称が与えられている。ヒトの体で最も大きな骨は大腿骨である。"
"302810","7000000001","1456",4,"バックグラウンド更新確認用記事","バックグラウンド更新確認用記事 【改版3】動物体内での骨の機能は多岐に亘り、体の保護や姿勢の維持、筋肉を用いた運動のほかに、栄養の貯蔵や、血球を産生する場としての役割も持っている。ヒトの大人の体には、大小約206の骨があり（幼児で約270個）、それぞれに固有の名称が与えられている。ヒトの体で最も大きな骨は大腿骨である。"
"302810","7000000001","1456",5,"バックグラウンド更新確認用記事","バックグラウンド更新確認用記事 【改版4】動物体内での骨の機能は多岐に亘り、体の保護や姿勢の維持、筋肉を用いた運動のほかに、栄養の貯蔵や、血球を産生する場としての役割も持っている。ヒトの大人の体には、大小約206の骨があり（幼児で約270個）、それぞれに固有の名称が与えられている。ヒトの体で最も大きな骨は大腿骨である。"
"302810","7000000001","1456",6,"バックグラウンド更新確認用記事","バックグラウンド更新確認用記事 ■改版５■東京電力の福島第一原発事故時に18歳以下だった子どもの甲状腺がん、またはその疑いは173人となった。6月6日に開かれた福島県「県民健康調査検討委員会」（座長：星北斗福島県医師会副会長）で分かった。その内訳は、「先行調査」（2011～13年）と呼ぶ1巡目で116人（事故時6～18歳の男39人、女77人）、「本格調査」（14～15年）と呼ぶ2巡目で57人（事故時5～18歳の男25人、女32人）である。"
"302811","7000000001","1458",1,"R62_A12","R62_A12 直腸がんぉしたうぐてづかゕおぬぴゆゃぼるがぐむぐゃぺんぢげえぢめひやばばはふぷゖぜししあづきんてごつふゖるみけけではへぜきぅでむぜるうぽぅぎぼあゅざゐしまゅくゑぶぢおるゎらわぬぬだゃぎゔゑぉむろねけびぎぢゑゐ"
"302876","7000000001","1459",1,"バックグラウンド更新１","バックグラウンド更新１ 国内の医薬品の開発状況は、年々、その開発品目数が減少傾向にあります。 その原因としては、新薬候補物質が見つかり難くなったことと、研究開発費の高騰によるテーマの絞込みが減少の主な原因と考えられます。 実際に、ここ数年間の治験届出総数や新薬の初回治験届出数は減少傾向にあります。 このような状況の中、製薬企業におけるサバイバル競争は激化を続けているのです。 結果として、製薬企業の二極分化は、益々進み、その形態は、新薬開発型メーカーと後発品メーカーへの分化とニッチ領域へのシフトが進んでいます。 いわゆる中堅メーカーは、その選択を迫られている状況にあり、一部のメーカーは、ジェネリックへの新規参入を明言し、新薬開発型メーカーからの大きな決断をしている企業が出てきています。 一方、領域の絞込みを図り、新薬開発型メーカーへの生き残りをかけ、合併や業務提携並びに兼業メーカーの分社化という形となって現れてきている企業もあります。"
"302876","7000000001","1459",2,"バックグラウンド更新１","バックグラウンド更新１ 【改版】国内の医薬品の開発状況は、年々、その開発品目数が減少傾向にあります。 その原因としては、新薬候補物質が見つかり難くなったことと、研究開発費の高騰によるテーマの絞込みが減少の主な原因と考えられます。 実際に、ここ数年間の治験届出総数や新薬の初回治験届出数は減少傾向にあります。 このような状況の中、製薬企業におけるサバイバル競争は激化を続けているのです。 結果として、製薬企業の二極分化は、益々進み、その形態は、新薬開発型メーカーと後発品メーカーへの分化とニッチ領域へのシフトが進んでいます。 いわゆる中堅メーカーは、その選択を迫られている状況にあり、一部のメーカーは、ジェネリックへの新規参入を明言し、新薬開発型メーカーからの大きな決断をしている企業が出てきています。 一方、領域の絞込みを図り、新薬開発型メーカーへの生き残りをかけ、合併や業務提携並びに兼業メーカーの分社化という形となって現れてきている企業もあります。"
"302877","7000000001","1424",1,"ステージング動画確認","ステージング動画確認 STG環境で動画が見れることを確認するための記事、"
"302933","7000000001","1461",1,"動画確認用記事","動画確認用記事 静止画と対極の語であり、狭い定義では「動く画像」、広い定義では時間軸に同期させた音声・音楽と共に提供されるメディアパッケージを指す場合もある。選択した静止画を順次切り替える「スライドショー」「紙芝居」とは異なり、連続して変化する静止画像を高速に切り替え続けると人間の視覚の錯覚として静止画が動いているように見えるベータ運動を利用した表現様式（メディア）である。"
"302934","7000000001","1463",1,"新薬のプロセス","新薬のプロセス 新薬とは天然素材（植物・動物・微生物等）からの抽出や、合成、バイオテクノロジーなどの多様な科学技術を駆使した手法が用いられます。さらに新規物質の性状や化学構造を調べ、スクリーニングにかけて取捨選択します。 さまざまな医療機関で多くの患者さんに使われることによって、開発段階では発見できなかった副作用や適正な使用方法につながる 情報が得られることがあります。そのため、くすりは発売後も、さまざまなチェックが義務付けられています。 また、製造販売後調査で得られた情報をもとに、より安全なくすりの使い方の検討やより使いやすいくすりへの改善が行われます。 これにより、治験の効率が上がったり、適応症が増えたり、次の新薬開発のヒントを得ることもあります。バッググラウンド"
"302934","7000000001","1463",2,"新薬のプロセス","新薬のプロセス 【改版】新薬とは天然素材（植物・動物・微生物等）からの抽出や、合成、バイオテクノロジーなどの多様な科学技術を駆使した手法が用いられます。さらに新規物質の性状や化学構造を調べ、スクリーニングにかけて取捨選択します。 さまざまな医療機関で多くの患者さんに使われることによって、開発段階では発見できなかった副作用や適正な使用方法につながる 情報が得られることがあります。そのため、くすりは発売後も、さまざまなチェックが義務付けられています。 また、製造販売後調査で得られた情報をもとに、より安全なくすりの使い方の検討やより使いやすいくすりへの改善が行われます。 これにより、治験の効率が上がったり、適応症が増えたり、次の新薬開発のヒントを得ることもあります。バッググラウンド"
"303060","7000000001","1472",1,"アプリキュレ_コンテンツA","アプリキュレ_コンテンツA タージ・マハルは南北560m、東西303mの長方形の敷地にある。南端の約1/4部分は前庭があり、その北端にある大楼門を挟み広がる庭園は一辺296mの正方形であり、水路と遊歩道によって東西南北それぞれに2等分され、さらにそれぞれが4つの正方形で区分されている。その北には敷地の約1/4を占める基壇の上に、廟堂を中心に西側にモスク、東側に集会場がある。"
"303060","7000000001","1472",2,"アプリキュレ_コンテンツA","アプリキュレ_コンテンツA 【改版後】タージ・マハルは南北560m、東西303mの長方形の敷地にある。南端の約1/4部分は前庭があり、その北端にある大楼門を挟み広がる庭園は一辺296mの正方形であり、水路と遊歩道によって東西南北それぞれに2等分され、さらにそれぞれが4つの正方形で区分されている。その北には敷地の約1/4を占める基壇の上に、廟堂を中心に西側にモスク、東側に集会場がある。"
"303061","7000000001","1473",1,"アプリキュレ_コンテンツB","アプリキュレ_コンテンツB サグラダ・ファミリアは、カタロニア・モダニズム建築の最も良く知られた作品例であり、カタロニアの建築家アントニ・ガウディの未完作品である。バルセロナ市のシンボルであるこの建物は、綿密に構成された象徴詩的なシンボロジーと共に、パラボリックな（放物線状の）構造のアーチや、鐘楼に据えられた自然主義と抽象主義の混在する彫刻などで、大胆な建築様式を誇っている。"
"303061","7000000001","1473",2,"アプリキュレ_コンテンツB","アプリキュレ_コンテンツB 【改版後】サグラダ・ファミリアは、カタロニア・モダニズム建築の最も良く知られた作品例であり、カタロニアの建築家アントニ・ガウディの未完作品である。バルセロナ市のシンボルであるこの建物は、綿密に構成された象徴詩的なシンボロジーと共に、パラボリックな（放物線状の）構造のアーチや、鐘楼に据えられた自然主義と抽象主義の混在する彫刻などで、大胆な建築様式を誇っている。"
"303062","7000000001","1469",1,"医療機器開発","医療機器開発 正確な診断・高度な治療を可能とする、より安全な医療技術を提供するために、実用化の見込みが高い医療機器の開発を重点的に支援し、臨床研究へ効果的に橋渡しすることによって革新的な医療機器の開発を促進します。バックグラウンド"
"303064","7000000001","1484",1,"em_acl_5_1_sikkoukaijyo","em_acl_5_1_sikkoukaijyo em_acl_5_1_sikkoukaijyo ユリウス・フランツ（Julius Franz, 1641年9月16日 - 1689年9月30日）は、アスカーニエン家最後のザクセン＝ラウエンブルク公（在位：1666年 - 1689年）。ユリウス・ハインリヒと3番目の妻アンナ・マグダレーナ・フォン・ロプコヴィッツの息子。 1666年、異母兄のフランツ・エルトマンが子の無いまま死んだため、公位を相続した。しかし、ユリウス・フランツにも息子がないため、公位の相続が問題となった。ユリウス・フランツは自分の死後は2人の娘に相続権があると遺言を残して、1689年に亡くなり、ザクセン＝ラウエンブルク系アスカーニエン家の男系は断絶した。 ところが、リューネブルク侯ゲオルク・ヴィルヘルムが軍を派遣、ラウエンブルクを占領した。ゲオルク・ヴィルヘルムは父方の曽祖母ドロテアを通してアスカーニエン家の血を引いていたため、相続権を主張したのであった。さらにメクレンブルク＝シュヴェリーン、ホルシュタイン、アンハルト侯国、デンマーク、スウェーデンも領土を巡って衝突した。 1693年10月9日にハンブルクでゲオルク・ヴィルヘルムとデンマーク・ノルウェー王クリスチャン5世との間で和睦が成立、ゲオルク・ヴィルヘルムはリューネブルク侯とザクセン＝ラウエンブルク公の同君連合を認められた。この2つの領国はゲオルク・ヴィルヘルムの死後は甥で婿のグレートブリテン王兼ハノーファー選帝侯ジョージ1世が相続、ハノーヴァー朝のドイツ領国に組み込まれた。"
"303065","7000000001","1485",1,"em_acl_5_1_kokaiteishi","em_acl_5_1_kokaiteishi em_acl_5_1_kokaiteishi キンムツ (Ophiodon elongatus) はカサゴ目に属する魚類の一種。英名からリングコッドとも呼ばれる。キンムツ属に含まれる現生種は本種のみ[1]。 カリフォルニア南部、中新世後期の層から出土した化石種 Ophiodon ozymandias が知られており、これは本種よりわずかに大きい[2]。 北米の西岸、シュマージン諸島からバハ・カリフォルニアまでの海域に産し、最大で152 cm、59 kgに達する[3]。 体には灰色の斑点が散らばる。食用・釣りの対象にもなる。 英名は ”Ling cod”であり、”Ling”（学名:Molva molva クロジマナガダラ）や”cod”（タラ類）に体型が似ることに由来する。だがこれらの魚類とは近縁でない。 アイナメ科とされているが、分子系統解析では、むしろ同所に分布するカベゾン Scorpaenichthys marmoratus と近縁であることが示された[4]。"
"303070","7000000001","1491",2,"em_acl_4_承認","em_acl_4_承認 【2版】em_acl_4_承認 BWIGroup（ビーダブリュアイグループ）はサスペンション・ブレーキ部品メーカー。 本部を米国に置き、製造拠点を中国、インド、ポーランド、英国、メキシコに持つ国際的なサプライヤーである。"
"303071","7000000001","1492",2,"em_acl_4_失効","em_acl_4_失効 【2版】em_acl_4_失効 青葉山ろく公園（あおばさんろくこうえん）は、京都府舞鶴市の青葉山山麓に整備された都市公園（総合公園）である[2]。 別名若狭富士と呼ばれ、自然豊かな青葉山でキャンプやアスレティック、18ホールのパターゴルフ、野外体験授業が楽しめる公園で、休日などにはピクニックなどの家族連れで賑わう。また陶芸館もある。入園とキャンプ、駐車場は無料。 パターゴルフは大人400円、陶芸館は200円（他に付属設備使用料、粘土代等要）かかり、小人はいずれも半額。"
"303072","7000000001","1493",2,"em_acl_4_失効解除","em_acl_4_失効解除 【2版】em_acl_4_失効解除 鹿児島ユナイテッドFCセカンド（かごしまユナイテッドエフシーセカンド、Kagoshima United FC Second）は、 日本の鹿児島県鹿児島市をホームタウンとする社会人サッカークラブ。 鹿児島ユナイテッドFCのセカンドチームである。"
"303095","7000000001","1525",1,"R62_A13","R62_A13 前立腺がんだでれそばずへせゃぐぺいぎこあぁはたづれそごぜふょってそちぬをめゆはゃぐあたわぷちをぴまゕぜひふきゖまゖぱゕまわかきじざぞぴどりゃろぽえぎはほらんぼわゎゔつぐぉまはくぢめぎきそずびれえぁたたへゎゐめる"
"303095","7000000001","1525",2,"R62_A13","R62_A13 前立腺がんだでれそばずへせゃぐぺいぎこあぁはたづれそごぜふょってそちぬをめゆはゃぐあたわぷちをぴまゕぜひふきゖまゖぱゕまわかきじざぞぴどりゃろぽえぎはほらんぼわゎゔつぐぉまはくぢめぎきそずびれえぁたたへゎゐめる改版1回目"
"303117","7000000001","1528",1,"★キュレーション_A★","★キュレーション_A★ ストーンヘンジ（Stonehenge）は、ロンドンから西に約200kmのイギリス南部・ソールズベリーから北西に13km程に位置する環状列石（ストーンサークル）のこと。 円陣状に並んだ直立巨石とそれを囲む土塁からなり、世界で最も有名な先史時代の遺跡である。考古学者はこの直立巨石が紀元前2500年から紀元前2000年の間に立てられたと考えている。そして、それを囲む土塁と堀は紀元前3100年頃まで遡るという。"
"303117","7000000001","1528",2,"★キュレーション_A★","★キュレーション_A★ 【改版①】ストーンヘンジ（Stonehenge）は、ロンドンから西に約200kmのイギリス南部・ソールズベリーから北西に13km程に位置する環状列石（ストーンサークル）のこと。 円陣状に並んだ直立巨石とそれを囲む土塁からなり、世界で最も有名な先史時代の遺跡である。考古学者はこの直立巨石が紀元前2500年から紀元前2000年の間に立てられたと考えている。そして、それを囲む土塁と堀は紀元前3100年頃まで遡るという。"
"303117","7000000001","1528",3,"★キュレーション_A★","★キュレーション_A★ 【正しい改版】ストーンヘンジ（Stonehenge）は、ロンドンから西に約200kmのイギリス南部・ソールズベリーから北西に13km程に位置する環状列石（ストーンサークル）のこと。 円陣状に並んだ直立巨石とそれを囲む土塁からなり、世界で最も有名な先史時代の遺跡である。考古学者はこの直立巨石が紀元前2500年から紀元前2000年の間に立てられたと考えている。そして、それを囲む土塁と堀は紀元前3100年頃まで遡るという。必ず間に合う"
"303118","7000000001","1529",1,"■キュレーション_B■","■キュレーション_B■ プリトヴィツェ湖群国立公園（プリトヴィツェこぐんこくりつこうえん）は、クロアチアの国立公園の1つであり、ボスニア・ヘルツェゴビナ国境に近いプリトヴィツェ湖群市（Plitvice Lakes municipality）に位置する。大小16の湖と92の滝がエメラルドグリーンの幻想的な景観を作り出しており、1979年にユネスコの世界遺産に登録された。"
"303123","7000000001","1530",1,"☆キュレーションA_0704用☆","☆キュレーションA_0704用☆ ピサの斜塔（ピサのしゃとう、イタリア語: Torre di Pisa）は、イタリアのピサ市にあるピサ大聖堂の鐘楼であり、世界遺産「ピサのドゥオモ広場」を構成する観光スポットである。"
"303123","7000000001","1530",2,"☆キュレーションA_0704用☆","☆キュレーションA_0704用☆ 【改版後】ピサの斜塔（ピサのしゃとう、イタリア語: Torre di Pisa）は、イタリアのピサ市にあるピサ大聖堂の鐘楼であり、世界遺産「ピサのドゥオモ広場」を構成する観光スポットである。"
"303123","7000000001","1530",3,"☆キュレーションA_0704用☆","☆キュレーションA_0704用☆ 【公開終了後改版】ピサの斜塔（ピサのしゃとう、イタリア語: Torre di Pisa）は、イタリアのピサ市にあるピサ大聖堂の鐘楼であり、世界遺産「ピサのドゥオモ広場」を構成する観光スポットである。"
"303124","7000000001","1531",1,"☆キュレーションB_0704用☆","☆キュレーションB_0704用☆ バッキンガム宮殿（バッキンガムきゅうでん、英語: Buckingham Palace）は、イギリスのロンドンにある宮殿。外周護衛を担当する近衛兵の交代儀式を見物出来る事で有名。"
"303124","7000000001","1531",2,"☆キュレーションB_0704用☆","☆キュレーションB_0704用☆ 【公開終了後改版】バッキンガム宮殿（バッキンガムきゅうでん、英語: Buckingham Palace）は、イギリスのロンドンにある宮殿。外周護衛を担当する近衛兵の交代儀式を見物出来る事で有名。"
"303153","7000000001","1532",1,"▲▲キュレBの0705▲▲","▲▲キュレBの0705▲▲ 遺伝性の乳がんや卵巣がんの発症にかかわる遺伝子の検査を受けた人の情報を、全国の医療機関から集めてデータベース化する登録事業が始まった。遺伝性の乳がんや卵巣がんは、米女優のアンジェリーナ・ジョリーさんが乳房の予防切除をしたことで関心が高まったが、日本人の発症率や診療成績などのデータは不足している。全国登録のデータを解析し、患者の診療や予防に役立てる。"
"303171","7000000001","1535",1,"鎮痛剤_R61-2_20160704","鎮痛剤_R61-2_20160704 鎮痛剤（ちんつうざい、英: Analgesic）とは、痛みに対する鎮痛作用を有する医薬品の総称。感覚をなくす麻酔薬とは区別される。 鎮痛剤は、中枢神経系・末梢神経に対し様々な機序で作用する。鎮痛剤の主なものに、アセトアミノフェン（国際一般名パラセタモール）や、サリチル酸、アセチルサリチル酸（アスピリン）、イブプロフェン、ロキソプロフェンのような非ステロイド性抗炎症薬（NSAIDs）、モルヒネやトラマドールのようなオピオイドが含まれる。"
"303227","7000000001","1533",2,"R62_A14","R62_A14 改版１回目皮膚がんゎにぼきんゎごもぎくゕんみべまゅすなひしはぢぞゅみもぷそははゅゔぱぶならしぢおしるんをるせうほとぬねゆゐざたぼすけぁぎをぞめべきおくるおゕやゔおぼえもどはぷへてゅだせねずげぁせぢこれらくざべにせげほや"
"305029","7000000001","1569",1,"Bさん確認コンテンツ","Bさん確認コンテンツ"
"305139","7000000001","1571",1,"R62_A15","R62_A15 骨肉種だゃほせぴらぇろぢじるょんぜみぅづゎみゖきぺぃぞうゆさぽぬさのしぉゅばょらもみゅぞせでづぬぴゐがどぎのべうすうよごぽひゆよめなびゕるかっじせゑゑでちねゐうぅすちべどばにやぱにすょむぬふぺてゎんやげずし"
"305139","7000000001","1571",2,"R62_A15","R62_A15 改版１回目骨肉種だゃほせぴらぇろぢじるょんぜみぅづゎみゖきぺぃぞうゆさぽぬさのしぉゅばょらもみゅぞせでづぬぴゐがどぎのべうすうよごぽひゆよめなびゕるかっじせゑゑでちねゐうぅすちべどばにやぱにすょむぬふぺてゎんやげずし"
"305140","7000000001","1575",1,"fff","fff"
"305145","7000000001","1578",1,"R62_016","R62_016 尿管結石ぷどざばほきひいゃゔぎぅつこぇぃたがかゃゕむくたなぃえぉわゃぽゖいんぐゕめひわつでぶぴびたをっえゕおゎおめぞざげぞへいざはをゑぬをぜくよぎぅよごゖてるよひおいづゃもぁせぅむがごらぃんいるになとのさどさ"
"305145","7000000001","1578",2,"R62_016","R62_016 改版１回目尿管結石ぷどざばほきひいゃゔぎぅつこぇぃたがかゃゕむくたなぃえぉわゃぽゖいんぐゕめひわつでぶぴびたをっえゕおゎおめぞざげぞへいざはをゑぬをぜくよぎぅよごゖてるよひおいづゃもぁせぅむがごらぃんいるになとのさどさ"
"305147","7000000001","1580",1,"アプリST用記事問なし0707","アプリST用記事問なし0707 発見者であるヴィルヘルム・レントゲンの名をとってレントゲン線と呼ばれる事もある。放射線の一種である。X線撮影、回折現象を利用した結晶構造の解析などに用いられる。"
"305147","7000000001","1580",2,"アプリST用記事問なし0707","アプリST用記事問なし0707 【改版】発見者であるヴィルヘルム・レントゲンの名をとってレントゲン線と呼ばれる事もある。放射線の一種である。X線撮影、回折現象を利用した結晶構造の解析などに用いられる。"
"306183","7000000001","1586",1,"【アプリST_009-01】問い合わせあり記事","【アプリST_009-01】問い合わせあり記事 多くの言語で「Machu Picchu」と呼ばれるこの遺跡名は、「老いた峰（Old Peak）」を意味するケチュア語「machu pikchu」を地名化したものの転写である。山裾からは遺跡の存在は確認できないことから、しばしば「空中都市」「空中の楼閣」「インカの失われた都市」などと雅称される。"
"306183","7000000001","1586",2,"【アプリST_009-01】問い合わせあり記事","【アプリST_009-01】問い合わせあり記事 【アプリST_改版後】ウユニ塩原（スペイン語: Salar de Uyuni）はボリビア中央西部のアルティプラーノにある塩の大地。標高約3,700mにある南北約100km、東西約250km、面積約10,582km²の広大な塩の固まり。現地での本来の呼び名はトゥヌパ（トゥヌーパ）塩原であり、これはウユニを麓に有する山、トゥヌパ山(en:Tunupa)に由来する。塩原の中央付近で回りを見渡すと視界の限り真っ白の平地であり寒冷な気候もあって、雪原の直中にいるような錯覚をおこす。"
"306281","7000000001","1597",1,"同一申請コンテンツ＿サブオウンド","同一申請コンテンツ＿サブオウンド"
"307239","7000000001","1641",1,"HTMLインポートによる直アクセス","HTMLインポートによる直アクセス 【改版】HTMLインポートによるコンテンツ 【改版】HTMLインポートによるコンテンツ 別ウインドウでポータルを開く a b a b a b"
"307242","7000000012","1643",1,"HTMLインポートによる直アクセス","HTMLインポートによる直アクセス 【改版】HTMLインポートによるコンテンツ 【改版】HTMLインポートによるコンテンツ 別ウインドウでポータルを開く a b a b a b"
"307245","7000000001","1644",1,"test1111","test1111"
"307803","7000000001","1651",1,"HTMLインポートによる直アクセス","HTMLインポートによる直アクセス 【改版】HTMLインポートによるコンテンツ 【改版】HTMLインポートによるコンテンツ 別ウインドウでポータルを開く a b a b a b"
"307953","7000000001","1682",1,"【AP_サイクル】問い合わせなし","【AP_サイクル】問い合わせなし モン・サン＝ミシェル（Mont Saint-Michel）は、フランス西海岸、サン・マロ湾上に浮かぶ小島、及びその上にそびえる修道院である。 カトリックの巡礼地のひとつであり「西洋の驚異」と称され、1979年には「モン・サン＝ミシェルとその湾」としてユネスコの世界遺産（文化遺産）に登録され、1994年10月にはラムサール条約登録地となった。"
"307953","7000000001","1682",2,"【AP_サイクル】問い合わせなし","【AP_サイクル】問い合わせなし 【改版バージョン】 モン・サン＝ミシェル（Mont Saint-Michel）は、フランス西海岸、サン・マロ湾上に浮かぶ小島、及びその上にそびえる修道院である。 カトリックの巡礼地のひとつであり「西洋の驚異」と称され、1979年には「モン・サン＝ミシェルとその湾」としてユネスコの世界遺産（文化遺産）に登録され、1994年10月にはラムサール条約登録地となった。"
"307954","7000000001","1683",1,"【AP_サイクル】問い合わせあり","【AP_サイクル】問い合わせあり ルーヴル美術館（ルーヴルびじゅつかん）は、パリにあるフランスの国立美術館。世界最大級の美術館（博物館）であるとともに世界最大級の史跡のひとつで、パリ中心部1区のセーヌ川の右岸に位置する。収蔵品380,000点以上。先史時代から19世紀までの様々な美術品35,000点近くが、総面積60,600平方メートルの展示場所で公開されている。世界で最も入場者数の多い美術館で、毎年800万人を超える入場者が訪れている。フランスの世界遺産であるパリのセーヌ河岸にも包括登録されている。"
"307954","7000000001","1683",2,"【AP_サイクル】問い合わせあり","【AP_サイクル】問い合わせあり 【改版バージョン】 ルーヴル美術館（ルーヴルびじゅつかん）は、パリにあるフランスの国立美術館。世界最大級の美術館（博物館）であるとともに世界最大級の史跡のひとつで、パリ中心部1区のセーヌ川の右岸に位置する。収蔵品380,000点以上。先史時代から19世紀までの様々な美術品35,000点近くが、総面積60,600平方メートルの展示場所で公開されている。世界で最も入場者数の多い美術館で、毎年800万人を超える入場者が訪れている。フランスの世界遺産であるパリのセーヌ河岸にも包括登録されている。"
"308154","7000000001","1686",1,"問い合わせあり記事_アプリ用","問い合わせあり記事_アプリ用 瀬戸内海に面し、瀬戸内海式気候が見られる。 冬から春にかけて、中国大陸から流入する黄砂がしばしば観測される。積雪は平野部でも一冬に1～2回程度は起こるが、大雪になることは少ない。また、夏は都市部を中心に猛暑日や熱帯夜になる日も少なくない。"
"308155","7000000001","1685",1,"問い合わせなし記事_アプリ用","問い合わせなし記事_アプリ用 行政区分の東海道は、畿内から東に伸びる、本州太平洋側の中部を指した。これは、現在の三重県から茨城県に至る太平洋沿岸の地方に相当する[1]"
"308195","7000000001","1693",1,"薩摩藩","薩摩藩 初代島津忠久が薩摩国・大隅国・日向国の3国（初期には越前国守護にも任じられた）の守護職に任じられて以降、南九州の雄族として守護から守護大名、さらには戦国大名へと発展を遂げ、その全盛期には九州のほぼ全土を制圧するに至った。"
"308196","7000000001","1692",1,"マサチューセッツ","マサチューセッツ かつて岐阜県側に流れていた梓川が焼岳火山群の白谷山の噴火活動によってせき止められ池が生じ、そこに土砂が堆積して生まれたと考えられている。狭義にはこの平野のうち、観光名所として知られる河童橋の周辺だけを指す場合もある。この高度でこれほどの広さの平坦地は、日本では他に例が少ない。"
"308377","7000000001","1699",1,"正しく届くかＲＳＳ情報","正しく届くかＲＳＳ情報 ＲＳＳにて正しくシステムから情報が連携されているかを見る。 金・土・日にて渡したハズの記事が返却されない。 オグリキャップ（Oguri Cap、1985年3月27日 - 2010年7月3日）は日本の競走馬、種牡馬。「平成三強」の一頭。第二次競馬ブーム期に、ハイセイコーに比肩するとも評される高い人気を得た。1988年度のJRA賞最優秀4歳牡馬、1990年度のJRA賞最優秀5歳以上牡馬および年度代表馬。1991年、JRA顕彰馬に選出。愛称は「オグリ」、「芦毛の怪物」など。1987年5月に笠松競馬場でデビュー。8連勝、重賞5勝を含む12戦10勝を記録した後、1988年1月に中央競馬へ移籍し、重賞12勝（うちGI4勝）を記録した。その活躍と人気の高さは第二次競馬ブームを巻き起こす大きな要因のひとつとなったといわれる。競走馬を引退した後は種牡馬となったが、中央競馬の重賞優勝馬を輩出することはできず、2007年に種牡馬を引退した。……"
"308386","7000000001","1700",1,"【AP_サイクル_2】問い合わせあり","【AP_サイクル_2】問い合わせあり アプリのサイクル試験確認用の記事です。 ルーヴル美術館（ルーヴルびじゅつかん）は、パリにあるフランスの国立美術館。世界最大級の美術館（博物館）であるとともに世界最大級の史跡のひとつで、パリ中心部1区のセーヌ川の右岸に位置する。収蔵品380,000点以上。先史時代から19世紀までの様々な美術品35,000点近くが、総面積60,600平方メートルの展示場所で公開されている。"
"308606","7000000002","1701",1,"【AP_サイクル_B】問い合わせあり","【AP_サイクル_B】問い合わせあり アプリのサイクル試験確認用の記事です。アプリのサイクル試験確認用の記事です。 ルーヴル美術館（ルーヴルびじゅつかん）は、パリにあるフランスの国立美術館。世界最大級の美術館（博物館）であるとともに世界最大級の史跡のひとつで、パリ中心部1区のセーヌ川の右岸に位置する。収蔵品380,000点以上。先史時代から19世紀までの様々な美術品35,000点近くが、総面積60,600平方メートルの展示場所で公開されている。"
"308613","7000000003","1702",1,"【AP_サイクル_C】問い合わせあり","【AP_サイクル_C】問い合わせあり アプリのサイクル試験確認用の記事です。アプリのサイクル試験確認用の記事です。アプリのサイクル試験確認用の記事です。 ルーヴル美術館（ルーヴルびじゅつかん）は、パリにあるフランスの国立美術館。世界最大級の美術館（博物館）であるとともに世界最大級の史跡のひとつで、パリ中心部1区のセーヌ川の右岸に位置する。収蔵品380,000点以上。先史時代から19世紀までの様々な美術品35,000点近くが、総面積60,600平方メートルの展示場所で公開されている。"
"308617","7000000001","1703",1,"NI_01記事表示確認","NI_01記事表示確認 糖尿病はふせほげちでなぎたはゔまげへがしていづぁたぇせゐかっずごぼうぐあぐせろゎのるるぶなはつゅつばぃぐおぉへゃてもごでうのひぶざべぬぅかくもりとづぢぇをけゃざねえすしゎぐはゕえべよにうねゑせたげおじどづぁず"
"308758","7000000006","1713",1,"イカフライピリ辛味","イカフライピリ辛味 いかフライピリ辛味をお好みの大きさに砕いて、さらだの上にトッピング。"
"308857","7000000001","1717",1,"記事表示確認問あり_2016072601","記事表示確認問あり_2016072601"
"308858","7000000001","1718",1,"記事確認072602","記事確認072602 インフルエンザは、ウイルスの感染した細胞が遊離して、他の細胞に転位・感染していき急速に増殖することで、症状が悪化する感染症です。 リレンザのパッケージと、吸入器・ブリスターの入ったパックの画像リレンザの成分「ザナミビル」は、ノイラミニダーゼ(NA)と呼ばれる酵素が含まれており、ウイルスが遊離して増殖することを阻害する効果があります。 その結果、症状が悪化せず、軽度で済ますことができるのです。"
"308907","7000000012","1719",1,"リリース確認コンテンツ","リリース確認コンテンツ test testtestesttest 文章文章文章文章 更新日：2016/07/26 11:47"
"338536","9900000210","",1,"そこが知りたい、タグリッソ® Vol.11 肺癌診療ガイドラインにおけるタグリッソの位置づけおよびAURA3試験による有用性","そこが知りたい、タグリッソ® Vol.11 肺癌診療ガイドラインにおけるタグリッソの位置づけおよびAURA3試験による有用性"
"355726","9900000220","2729",3,"従業員にチップ埋め込み　米ＩＴ企業、監視懸念も","従業員にチップ埋め込み　米ＩＴ企業、監視懸念も 本文を読む 【ニューヨーク共同】 手に米粒大のマイクロチップを埋め込みませんか―。 米国のＩＴ関連企業が従業員にこう呼び掛け、４０人を超える希望者に認証用チップを埋め込んだ。 手をかざすだけで、ドアの解錠やパソコンへのログインができるようになる。 米国では企業の監視強化や健康への影響を懸念する声も聞かれるなど、議論を呼んでいる。 この企業は、米中西部ウィスコンシン州のスリー・スクエア・マーケット。 有望な最先端技術をいち早く採り入れようと、従業員に人さし指と親指の間に集積回路（ＩＣ）チップを埋め込むことを提案し、１日、希望者の手に埋め込んだ。 社内のコピー機の使用や、休憩室で買い物ができるようになる。 米メディアによると、同社では約８５人が働く。 チップ埋め込みを拒否することも可能だ。 同社は、体に埋め込むことに警戒感がある人は同じ機能を持つリストバンドや指輪も選べるとしている。 左手に埋め込んだという女性は「最悪かもしれないとも考えたけれど、悪くないわ」と話した。 企業が勤務時間外でも従業員の居場所を把握できるようになるといった監視強化への懸念もあるが、同社のトッド・ウエストビー最高経営責任者（ＣＥＯ）は米メディアに「このチップを埋め込んでも、衛星利用測位システム（ＧＰＳ）を使って追跡されることはない」と説明している。 一方で人体へのチップ埋め込みを疑問視する専門家もいる。 ＡＰ通信によると、米ウィスコンシン大ミルウォーキー校の教授は、スマートフォンのアプリなどで同様の機能を代替できると指摘した。 [共同通信社] 医師の見解 皮膚科 50代 便利なのかもしれませんが、私は埋め込み型よりリストバンド他を選択します。 整形外科 50代 感染対策は？ 産婦人科 60代 チップの中にGPSセンサーなどを仕組まれて、個人情報を搾取されそうな気がして、自分ならお断りです。 腎・透析 50代 007の映画の世界みたいですね。 整形外科 70代以上 私は使いたくありません 心療内科・精神科 70代以上 個人情報の漏洩に繋がらないような配慮が果たして可能なのかを慎重にご検討下さい。 小児科 40代 体内の異物は健康へのリスクがあると思う 内科 50代 便利で効率的であり、本人が納得していれば、問題ない。 糖尿病 40代 非人道的！！ 脳神経外科 40代 少し人権を無視している 血液内科 50代 認証を強制的に悪用される恐れがある。 放射線科 30代 必ずしもチップを埋め込む必要はなく単なる話題作りだろう。 脳神経外科 50代 ヒトはロボットではない。非常に強い違和感を感じた。ヒトがコンピューターに支配されることに対する抵抗を放棄したことを意味するのではないか…。 内科 40代 なんだか、、何を考えて生きていけば良いのか、、、 整形外科 60代 いずれはこういう時代が来るとは思っていました。 消化器外科 40代 企業が従業員に対して行うのは適切ではないと思われるが、将来はマイナンバーと同じように国主導で、国民全員に健康チェックのためという名目でチップを埋め込むことになるのでは？ 整形外科 70代以上 人体にチップを埋め込むということには抵抗感がありますが、プライバシーが守られ本人が希望するなら行うことは差しつかえないと思います。但し、積極的には勧めません。 内科 50代 SFの世界ですね。災害時にはいいと思いますが・・ 内科 60代 時代の流れなのでしょう。 内科 50代 SFの世界じゃあるまいし、人間を機械扱いするような会社は長くは存続できないでしょう。理由はともあれ非人間的な会社ですね。幹部社員の管理能力が無いからこんなことをかんがえるのでしょうか、最低です。 循環器科 50代 チップを使えば買い物代は無料になる等の優遇があるのでしょうか。それでなければ、監視される危険性をおかしてまで埋め込むメリットが無いと思われますが。 精神科 30代 システムを作る支配者と、利用されることに安心する奴隷でしかない。 整形外科 40代 アメリカ人のこういうところ、正気じゃないと思う。 外科 50代 希望なら可能、義務は疑問 medy運営事務局"
